drug_1_CID,drug_1_name,drug_1_SMILES,relationship,drug_2_CID,drug_2_name,drug_2_SMILES
CID000002088,alendronic acid,C(CC(O)(P(=O)(O)O)P(=O)(O)O)CN,Adenopathy,CID000003877,Lamivudine,C1C(OC(S1)CO)N2C=CC(=NC2=O)N
CID000003446,Gabapentin,C1CCC(CC1)(CC(=O)O)CN,erythema,CID000003672,Ibuprofen,CC(C)CC1=CC=C(C=C1)C(C)C(=O)O
CID000060835,Duloxetine,CNCCC(C1=CC=CS1)OC2=CC=CC3=CC=CC=C32,apoplexy,CID000216239,Sorafenib,CNC(=O)C1=NC=CC(=C1)OC2=CC=C(C=C2)NC(=O)NC3=CC(=C(C=C3)Cl)C(F)(F)F
CID000003446,Gabapentin,C1CCC(CC1)(CC(=O)O)CN,drug toxicity NOS,CID000148211,Palonosetron,C1CC2CN(C(=O)C3=CC=CC(=C23)C1)C4CN5CCC4CC5
CID000004158,Methylphenidate,COC(=O)C(C1CCCCN1)C2=CC=CC=C2,abnormal EEG,CID000059708,Etiracetam,CCC(C(=O)N)N1CCCC1=O
CID000003345,Fentanyl,CCC(=O)N(C1CCN(CC1)CCC2=CC=CC=C2)C3=CC=CC=C3,gastric inflammation,CID000005978,vincristine,CCC1(CC2CC(C3=C(CCN(C2)C1)C4=CC=CC=C4N3)(C5=C(C=C6C(=C5)C78CCN9C7C(C=CC9)(C(C(C8N6C=O)(C(=O)OC)O)OC(=O)C)CC)OC)C(=O)OC)O
CID000003440,Furosemide,C1=COC(=C1)CNC2=CC(=C(C=C2C(=O)O)S(=O)(=O)N)Cl,Dyspnea exertional,CID000004053,melphalan,C1=CC(=CC=C1CC(C(=O)O)N)N(CCCl)CCCl
CID000003016,Diazepam,CN1C(=O)CN=C(C2=C1C=CC(=C2)Cl)C3=CC=CC=C3,Sinus headache,CID000005291,Imatinib,CC1=C(C=C(C=C1)NC(=O)C2=CC=C(C=C2)CN3CCN(CC3)C)NC4=NC=CC(=N4)C5=CN=CC=C5
CID000002678,Cetirizine,C1CN(CCN1CCOCC(=O)O)C(C2=CC=CC=C2)C3=CC=C(C=C3)Cl,High blood pressure,CID000091270,Moexipril,CCOC(=O)C(CCC1=CC=CC=C1)NC(C)C(=O)N2CC3=CC(=C(C=C3CC2C(=O)O)OC)OC
CID000001302,Naproxen,CC(C1=CC2=C(C=C1)C=C(C=C2)OC)C(=O)O,Dyspnea exertional,CID000004595,Ondansetron,CC1=NC=CN1CC2CCC3=C(C2=O)C4=CC=CC=C4N3C
CID000002162,Amlodipine,CCOC(=O)C1=C(NC(=C(C1C2=CC=CC=C2Cl)C(=O)OC)C)COCCN,acute pancreatitis,CID000004943,Propofol,CC(C)C1=C(C(=CC=C1)C(C)C)O
CID000003325,Famotidine,C1=C(N=C(S1)N=C(N)N)CSCCC(=NS(=O)(=O)N)N,right heart failure,CID000004170,Metolazone,CC1NC2=CC(=C(C=C2C(=O)N1C3=CC=CC=C3C)S(=O)(=O)N)Cl
CID000003676,Lidocaine,CCN(CC)CC(=O)NC1=C(C=CC=C1C)C,erythema,CID000041781,Torasemide,CC1=CC(=CC=C1)NC2=C(C=NC=C2)S(=O)(=O)NC(=O)NC(C)C
CID000002541,Candesartan,CCOC1=NC2=CC=CC(=C2N1CC3=CC=C(C=C3)C4=CC=CC=C4C5=NNN=N5)C(=O)O,gastric inflammation,CID000003339,Fenofibrate,CC(C)OC(=O)C(C)(C)OC1=CC=C(C=C1)C(=O)C2=CC=C(C=C2)Cl
CID000003446,Gabapentin,C1CCC(CC1)(CC(=O)O)CN,cholecystitis,CID000005523,Tramadol,CN(C)CC1CCCCC1(C2=CC(=CC=C2)OC)O
CID000002678,Cetirizine,C1CN(CCN1CCOCC(=O)O)C(C2=CC=CC=C2)C3=CC=C(C=C3)Cl,erythema,CID000005394,Temozolomide,CN1C(=O)N2C=NC(=C2N=N1)C(=O)N
CID000003016,Diazepam,CN1C(=O)CN=C(C2=C1C=CC(=C2)Cl)C3=CC=CC=C3,gastric inflammation,CID000004583,Ofloxacin,CC1COC2=C3N1C=C(C(=O)C3=CC(=C2N4CCN(CC4)C)F)C(=O)O
CID000002771,Citalopram,CN(C)CCCC1(C2=C(CO1)C=C(C=C2)C#N)C3=CC=C(C=C3)F,cholecystitis,CID000003339,Fenofibrate,CC(C)OC(=O)C(C)(C)OC1=CC=C(C=C1)C(=O)C2=CC=C(C=C2)Cl
CID000005732,Zolpidem,CC1=CC=C(C=C1)C2=C(N3C=C(C=CC3=N2)C)CC(=O)N(C)C,abnormal ECG,CID005311027,Bimatoprost,CCNC(=O)CCCC=CCC1C(CC(C1C=CC(CCC2=CC=CC=C2)O)O)O
CID000003825,Ketoprofen,CC(C1=CC(=CC=C1)C(=O)C2=CC=CC=C2)C(=O)O,gastric inflammation,CID000004634,oxybutynin,CCN(CC)CC#CCOC(=O)C(C1CCCCC1)(C2=CC=CC=C2)O
CID000003446,Gabapentin,C1CCC(CC1)(CC(=O)O)CN,gastric inflammation,CID000005401,Terazosin,COC1=C(C=C2C(=C1)C(=NC(=N2)N3CCN(CC3)C(=O)C4CCCO4)N)OC
CID000005245,Risedronic acid,C1=CC(=CN=C1)CC(O)(P(=O)(O)O)P(=O)(O)O,elevated cholesterol,CID000016231,Amiloride,C1(=C(N=C(C(=N1)Cl)N)N)C(=O)N=C(N)N
CID000002771,Citalopram,CN(C)CCCC1(C2=C(CO1)C=C(C=C2)C#N)C3=CC=C(C=C3)F,cholecystitis,CID000003372,Fluphenazine,C1CN(CCN1CCCN2C3=CC=CC=C3SC4=C2C=C(C=C4)C(F)(F)F)CCO
CID000065999,Telmisartan,CCCC1=NC2=C(N1CC3=CC=C(C=C3)C4=CC=CC=C4C(=O)O)C=C(C=C2C)C5=NC6=CC=CC=C6N5C,dysarthria,CID000156419,Cinacalcet,CC(C1=CC=CC2=CC=CC=C21)NCCCC3=CC(=CC=C3)C(F)(F)F
CID000003385,Fluorouracil,C1=C(C(=O)NC(=O)N1)F,myelodysplasia,CID000005746,mitomycin C,CC1=C(C(=O)C2=C(C1=O)N3CC4C(C3(C2COC(=O)N)OC)N4)N
CID000003016,Diazepam,CN1C(=O)CN=C(C2=C1C=CC(=C2)Cl)C3=CC=CC=C3,weight gain,CID000125017,desvenlafaxine,CN(C)CC(C1=CC=C(C=C1)O)C2(CCCCC2)O
CID000001983,Paracetamol,CC(=O)NC1=CC=C(C=C1)O,haematoma,CID000004195,Midodrine,COC1=CC(=C(C=C1)OC)C(CNC(=O)CN)O
CID000002771,Citalopram,CN(C)CCCC1(C2=C(CO1)C=C(C=C2)C#N)C3=CC=C(C=C3)F,angiitis,CID000003767,Isoniazid,C1=CN=CC=C1C(=O)NN
CID000002541,Candesartan,CCOC1=NC2=CC=CC(=C2N1CC3=CC=C(C=C3)C4=CC=CC=C4C5=NNN=N5)C(=O)O,arterial pressure NOS increased,CID000005746,mitomycin C,CC1=C(C(=O)C2=C(C1=O)N3CC4C(C3(C2COC(=O)N)OC)N4)N
CID000003715,indometacin,CC1=C(C2=C(N1C(=O)C3=CC=C(C=C3)Cl)C=CC(=C2)OC)CC(=O)O,Acute Respiratory Distress Syndrome,CID000005978,vincristine,CCC1(CC2CC(C3=C(CCN(C2)C1)C4=CC=CC=C4N3)(C5=C(C=C6C(=C5)C78CCN9C7C(C=CC9)(C(C(C8N6C=O)(C(=O)OC)O)OC(=O)C)CC)OC)C(=O)OC)O
CID000004158,Methylphenidate,COC(=O)C(C1CCCCN1)C2=CC=CC=C2,subarachnoid haemorrhage,CID000004173,Metronidazole,CC1=NC=C(N1CCO)[N+](=O)[O-]
CID000004595,Ondansetron,CC1=NC=CN1CC2CCC3=C(C2=O)C4=CC=CC=C4N3C,loss of weight,CID000004845,Pirbuterol,CC(C)(C)NCC(C1=NC(=C(C=C1)O)CO)O
CID000005090,Rofecoxib,CS(=O)(=O)C1=CC=C(C=C1)C2=C(C(=O)OC2)C3=CC=CC=C3,cholecystitis,CID000005533,Trazodone,C1CN(CCN1CCCN2C(=O)N3C=CC=CC3=N2)C4=CC(=CC=C4)Cl
CID000002756,Cimetidine,CC1=C(N=CN1)CSCCNC(=NC)NC#N,gastric inflammation,CID000002771,Citalopram,CN(C)CCCC1(C2=C(CO1)C=C(C=C2)C#N)C3=CC=C(C=C3)F
CID000003826,Ketorolac,C1CN2C(=CC=C2C(=O)C3=CC=CC=C3)C1C(=O)O,apoplexy,CID000004634,oxybutynin,CCN(CC)CC#CCOC(=O)C(C1CCCCC1)(C2=CC=CC=C2)O
CID000002955,Dapsone,C1=CC(=CC=C1N)S(=O)(=O)C2=CC=C(C=C2)N,neumonia,CID000004993,Pyrimethamine,CCC1=C(C(=NC(=N1)N)N)C2=CC=C(C=C2)Cl
CID000003672,Ibuprofen,CC(C)CC1=CC=C(C=C1)C(C)C(=O)O,belching,CID005362070,Balsalazide,C1=CC(=CC=C1C(=O)NCCC(=O)O)NN=C2C=CC(=O)C(=C2)C(=O)O
CID000003016,Diazepam,CN1C(=O)CN=C(C2=C1C=CC(=C2)Cl)C3=CC=CC=C3,Diplopia,CID000004991,Pyridostigmine,C[N+]1=CC=CC(=C1)OC(=O)N(C)C
CID000002678,Cetirizine,C1CN(CCN1CCOCC(=O)O)C(C2=CC=CC=C2)C3=CC=C(C=C3)Cl,elevated erythrocyte sedimentation rate,CID000005401,Terazosin,COC1=C(C=C2C(=C1)C(=NC(=N2)N3CCN(CC3)C(=O)C4CCCO4)N)OC
CID000002022,Aciclovir,C1=NC2=C(N1COCCO)NC(=NC2=O)N,Adenopathy,CID000060877,Emtricitabine,C1C(OC(S1)CO)N2C=C(C(=NC2=O)N)F
CID000004595,Ondansetron,CC1=NC=CN1CC2CCC3=C(C2=O)C4=CC=CC=C4N3C,weight gain,CID006447131,Pimecrolimus,CCC1C=C(CC(CC(C2C(CC(C(O2)(C(=O)C(=O)N3CCCCC3C(=O)OC(C(C(CC1=O)O)C)C(=CC4CCC(C(C4)OC)Cl)C)O)C)OC)OC)C)C
CID000002162,Amlodipine,CCOC(=O)C1=C(NC(=C(C1C2=CC=CC=C2Cl)C(=O)OC)C)COCCN,apoplexy,CID000077999,Rosiglitazone,CN(CCOC1=CC=C(C=C1)CC2C(=O)NC(=O)S2)C3=CC=CC=N3
CID000002118,Alprazolam,CC1=NN=C2N1C3=C(C=C(C=C3)Cl)C(=NC2)C4=CC=CC=C4,erythema,CID000002471,Bumetanide,CCCCNC1=C(C(=CC(=C1)C(=O)O)S(=O)(=O)N)OC2=CC=CC=C2
CID000003878,Lamotrigine,C1=CC(=C(C(=C1)Cl)Cl)C2=C(N=C(N=N2)N)N,still birth,CID000004170,Metolazone,CC1NC2=CC(=C(C=C2C(=O)N1C3=CC=CC=C3C)S(=O)(=O)N)Cl
CID000003325,Famotidine,C1=C(N=C(S1)N=C(N)N)CSCCC(=NS(=O)(=O)N)N,Adenopathy,CID000005578,Trimethoprim,COC1=CC(=CC(=C1OC)OC)CC2=CN=C(N=C2N)N
CID000003440,Furosemide,C1=COC(=C1)CNC2=CC(=C(C=C2C(=O)O)S(=O)(=O)N)Cl,loss of weight,CID000125017,desvenlafaxine,CN(C)CC(C1=CC=C(C=C1)O)C2(CCCCC2)O
CID000002118,Alprazolam,CC1=NN=C2N1C3=C(C=C(C=C3)Cl)C(=NC2)C4=CC=CC=C4,gastric inflammation,CID000005210,Sibutramine,CC(C)CC(C1(CCC1)C2=CC=C(C=C2)Cl)N(C)C
CID000003157,Doxazosin,COC1=C(C=C2C(=C1)C(=NC(=N2)N3CCN(CC3)C(=O)C4COC5=CC=CC=C5O4)N)OC,Hypoventilation,CID000213039,Darunavir,CC(C)CN(CC(C(CC1=CC=CC=C1)NC(=O)OC2COC3C2CCO3)O)S(=O)(=O)C4=CC=C(C=C4)N
CID000003157,Doxazosin,COC1=C(C=C2C(=C1)C(=NC(=N2)N3CCN(CC3)C(=O)C4COC5=CC=CC=C5O4)N)OC,aortic aneurysm,CID000003410,Formoterol,CC(CC1=CC=C(C=C1)OC)NCC(C2=CC(=C(C=C2)O)NC=O)O
CID000002022,Aciclovir,C1=NC2=C(N1COCCO)NC(=NC2=O)N,gastric inflammation,CID000003676,Lidocaine,CCN(CC)CC(=O)NC1=C(C=CC=C1C)C
CID000005717,Zafirlukast,CC1=CC=CC=C1S(=O)(=O)NC(=O)C2=CC(=C(C=C2)CC3=CN(C4=C3C=C(C=C4)NC(=O)OC5CCCC5)C)OC,weight gain,CID000077999,Rosiglitazone,CN(CCOC1=CC=C(C=C1)CC2C(=O)NC(=O)S2)C3=CC=CC=N3
CID000005523,Tramadol,CN(C)CC1CCCCC1(C2=CC(=CC=C2)OC)O,erythema,CID000060854,Ziprasidone,C1CN(CCN1CCC2=C(C=C3C(=C2)CC(=O)N3)Cl)C4=NSC5=CC=CC=C54
CID000002471,Bumetanide,CCCCNC1=C(C(=CC(=C1)C(=O)O)S(=O)(=O)N)OC2=CC=CC=C2,apoplexy,CID000056959,Ranolazine,CC1=C(C(=CC=C1)C)NC(=O)CN2CCN(CC2)CC(COC3=CC=CC=C3OC)O
CID000002118,Alprazolam,CC1=NN=C2N1C3=C(C=C(C=C3)Cl)C(=NC2)C4=CC=CC=C4,right heart failure,CID000003676,Lidocaine,CCN(CC)CC(=O)NC1=C(C=CC=C1C)C
CID000001302,Naproxen,CC(C1=CC2=C(C=C1)C=C(C=C2)OC)C(=O)O,gastroenteritis viral,CID000004201,Minoxidil,C1CCN(CC1)C2=NC(=N)N(C(=C2)N)O
CID000003345,Fentanyl,CCC(=O)N(C1CCN(CC1)CCC2=CC=CC=C2)C3=CC=CC=C3,hypermagnesemia,CID000036811,Dobutamine,CC(CCC1=CC=C(C=C1)O)NCCC2=CC(=C(C=C2)O)O
CID000002756,Cimetidine,CC1=C(N=CN1)CSCCNC(=NC)NC#N,bursitis,CID000060835,Duloxetine,CNCCC(C1=CC=CS1)OC2=CC=CC3=CC=CC=C32
CID000004601,Orphenadrine,CC1=CC=CC=C1C(C2=CC=CC=C2)OCCN(C)C,erythema,CID000005358,Sumatriptan,CNS(=O)(=O)CC1=CC2=C(C=C1)NC=C2CCN(C)C
CID000002118,Alprazolam,CC1=NN=C2N1C3=C(C=C(C=C3)Cl)C(=NC2)C4=CC=CC=C4,gastric inflammation,CID000003702,Indapamide,CC1CC2=CC=CC=C2N1NC(=O)C3=CC(=C(C=C3)Cl)S(=O)(=O)N
CID000002022,Aciclovir,C1=NC2=C(N1COCCO)NC(=NC2=O)N,gastric inflammation,CID000002955,Dapsone,C1=CC(=CC=C1N)S(=O)(=O)C2=CC=C(C=C2)N
CID000003440,Furosemide,C1=COC(=C1)CNC2=CC(=C(C=C2C(=O)O)S(=O)(=O)N)Cl,weight gain,CID000003878,Lamotrigine,C1=CC(=C(C(=C1)Cl)Cl)C2=C(N=C(N=N2)N)N
CID000002022,Aciclovir,C1=NC2=C(N1COCCO)NC(=NC2=O)N,myelodysplasia,CID000004674,Pamidronic acid,C(CN)C(O)(P(=O)(O)O)P(=O)(O)O
CID000019090,Megestrol,CC1=CC2C(CCC3(C2CCC3(C(=O)C)O)C)C4(C1=CC(=O)CC4)C,cholecystitis,CID000060835,Duloxetine,CNCCC(C1=CC=CS1)OC2=CC=CC3=CC=CC=C32
CID000005039,Ranitidine,CNC(=C[N+](=O)[O-])NCCSCC1=CC=C(O1)CN(C)C,cholecystitis,CID000005426,Thalidomide,C1CC(=O)NC(=O)C1N2C(=O)C3=CC=CC=C3C2=O
CID000005039,Ranitidine,CNC(=C[N+](=O)[O-])NCCSCC1=CC=C(O1)CN(C)C,agitated,CID000056339,Fosphenytoin,C1=CC=C(C=C1)C2(C(=O)N(C(=O)N2)COP(=O)(O)O)C3=CC=CC=C3
CID000002118,Alprazolam,CC1=NN=C2N1C3=C(C=C(C=C3)Cl)C(=NC2)C4=CC=CC=C4,gastric inflammation,CID000003463,Gemfibrozil,CC1=CC(=C(C=C1)C)OCCCC(C)(C)C(=O)O
CID000059708,Etiracetam,CCC(C(=O)N)N1CCCC1=O,dysarthria,CID000176870,Erlotinib,COCCOC1=C(C=C2C(=C1)C(=NC=N2)NC3=CC=CC(=C3)C#C)OCCOC
CID000003007,Amphetamine,CC(CC1=CC=CC=C1)N,apoplexy,CID000004236,Modafinil,C1=CC=C(C=C1)C(C2=CC=CC=C2)S(=O)CC(=O)N
CID000004674,Pamidronic acid,C(CN)C(O)(P(=O)(O)O)P(=O)(O)O,erythema,CID000005453,thiotepa,C1CN1P(=S)(N2CC2)N3CC3
CID000001302,Naproxen,CC(C1=CC2=C(C=C1)C=C(C=C2)OC)C(=O)O,gastric inflammation,CID000002088,alendronic acid,C(CC(O)(P(=O)(O)O)P(=O)(O)O)CN
CID000002585,Carvedilol,COC1=CC=CC=C1OCCNCC(COC2=CC=CC3=C2C4=CC=CC=C4N3)O,High blood pressure,CID000003203,Efavirenz,C1CC1C#CC2(C3=C(C=CC(=C3)Cl)NC(=O)O2)C(F)(F)F
CID000002585,Carvedilol,COC1=CC=CC=C1OCCNCC(COC2=CC=CC3=C2C4=CC=CC=C4N3)O,hepatitis,CID000036811,Dobutamine,CC(CCC1=CC=C(C=C1)O)NCCC2=CC(=C(C=C2)O)O
CID000002732,chlortalidone,C1=CC=C2C(=C1)C(=O)NC2(C3=CC(=C(C=C3)Cl)S(=O)(=O)N)O,loss of weight,CID000005212,Sildenafil,CCCC1=NN(C2=C1NC(=NC2=O)C3=C(C=CC(=C3)S(=O)(=O)N4CCN(CC4)C)OCC)C
CID000003672,Ibuprofen,CC(C)CC1=CC=C(C=C1)C(C)C(=O)O,cholecystitis,CID000004171,Metoprolol,CC(C)NCC(COC1=CC=C(C=C1)CCOC)O
CID000002541,Candesartan,CCOC1=NC2=CC=CC(=C2N1CC3=CC=C(C=C3)C4=CC=CC=C4C5=NNN=N5)C(=O)O,myelodysplasia,CID000002771,Citalopram,CN(C)CCCC1(C2=C(CO1)C=C(C=C2)C#N)C3=CC=C(C=C3)F
CID000003672,Ibuprofen,CC(C)CC1=CC=C(C=C1)C(C)C(=O)O,bleeding Vaginal,CID000125017,desvenlafaxine,CN(C)CC(C1=CC=C(C=C1)O)C2(CCCCC2)O
CID000060854,Ziprasidone,C1CN(CCN1CCC2=C(C=C3C(=C2)CC(=O)N3)Cl)C4=NSC5=CC=CC=C54,heart rate increased,CID000124087,Desloratadine,C1CC2=C(C=CC(=C2)Cl)C(=C3CCNCC3)C4=C1C=CC=N4
CID000003715,indometacin,CC1=C(C2=C(N1C(=O)C3=CC=C(C=C3)Cl)C=CC(=C2)OC)CC(=O)O,Back Ache,CID000005152,Salmeterol,C1=CC=C(C=C1)CCCCOCCCCCCNCC(C2=CC(=C(C=C2)O)CO)O
CID000003878,Lamotrigine,C1=CC(=C(C(=C1)Cl)Cl)C2=C(N=C(N=N2)N)N,erythema,CID000005152,Salmeterol,C1=CC=C(C=C1)CCCCOCCCCCCNCC(C2=CC(=C(C=C2)O)CO)O
CID000003463,Gemfibrozil,CC1=CC(=C(C=C1)C)OCCCC(C)(C)C(=O)O,erythema,CID000005212,Sildenafil,CCCC1=NN(C2=C1NC(=NC2=O)C3=C(C=CC(=C3)S(=O)(=O)N4CCN(CC4)C)OCC)C
CID000002088,alendronic acid,C(CC(O)(P(=O)(O)O)P(=O)(O)O)CN,nasopharyngitis,CID006447131,Pimecrolimus,CCC1C=C(CC(CC(C2C(CC(C(O2)(C(=O)C(=O)N3CCCCC3C(=O)OC(C(C(CC1=O)O)C)C(=CC4CCC(C(C4)OC)Cl)C)O)C)OC)OC)C)C
CID000004463,nevirapine,CC1=C2C(=NC=C1)N(C3=C(C=CC=N3)C(=O)N2)C4CC4,emesis,CID000004634,oxybutynin,CCN(CC)CC#CCOC(=O)C(C1CCCCC1)(C2=CC=CC=C2)O
CID000002022,Aciclovir,C1=NC2=C(N1COCCO)NC(=NC2=O)N,gastric inflammation,CID000003157,Doxazosin,COC1=C(C=C2C(=C1)C(=NC(=N2)N3CCN(CC3)C(=O)C4COC5=CC=CC=C5O4)N)OC
CID000003016,Diazepam,CN1C(=O)CN=C(C2=C1C=CC(=C2)Cl)C3=CC=CC=C3,gastric inflammation,CID000060835,Duloxetine,CNCCC(C1=CC=CS1)OC2=CC=CC3=CC=CC=C32
CID000003325,Famotidine,C1=C(N=C(S1)N=C(N)N)CSCCC(=NS(=O)(=O)N)N,Extrasystoles Ventricular,CID000005472,Ticlopidine,C1CN(CC2=C1SC=C2)CC3=CC=CC=C3Cl
CID000002118,Alprazolam,CC1=NN=C2N1C3=C(C=C(C=C3)Cl)C(=NC2)C4=CC=CC=C4,apoplexy,CID000005401,Terazosin,COC1=C(C=C2C(=C1)C(=NC(=N2)N3CCN(CC3)C(=O)C4CCCO4)N)OC
CID000002162,Amlodipine,CCOC(=O)C1=C(NC(=C(C1C2=CC=CC=C2Cl)C(=O)OC)C)COCCN,abnormal EEG,CID000156419,Cinacalcet,CC(C1=CC=CC2=CC=CC=C21)NCCCC3=CC(=CC=C3)C(F)(F)F
CID000002541,Candesartan,CCOC1=NC2=CC=CC(=C2N1CC3=CC=C(C=C3)C4=CC=CC=C4C5=NNN=N5)C(=O)O,gastric inflammation,CID000004674,Pamidronic acid,C(CN)C(O)(P(=O)(O)O)P(=O)(O)O
CID000002088,alendronic acid,C(CC(O)(P(=O)(O)O)P(=O)(O)O)CN,cholecystitis,CID000005152,Salmeterol,C1=CC=C(C=C1)CCCCOCCCCCCNCC(C2=CC(=C(C=C2)O)CO)O
CID000002088,alendronic acid,C(CC(O)(P(=O)(O)O)P(=O)(O)O)CN,cholecystitis,CID000002118,Alprazolam,CC1=NN=C2N1C3=C(C=C(C=C3)Cl)C(=NC2)C4=CC=CC=C4
CID000003345,Fentanyl,CCC(=O)N(C1CCN(CC1)CCC2=CC=CC=C2)C3=CC=CC=C3,muscle disorder,CID000004497,Nimodipine,CC1=C(C(C(=C(N1)C)C(=O)OC(C)C)C2=CC(=CC=C2)[N+](=O)[O-])C(=O)OCCOC
CID000002022,Aciclovir,C1=NC2=C(N1COCCO)NC(=NC2=O)N,methaemoglobinaemia,CID000002771,Citalopram,CN(C)CCCC1(C2=C(CO1)C=C(C=C2)C#N)C3=CC=C(C=C3)F
CID000003676,Lidocaine,CCN(CC)CC(=O)NC1=C(C=CC=C1C)C,trigeminal neuralgia,CID000004674,Pamidronic acid,C(CN)C(O)(P(=O)(O)O)P(=O)(O)O
CID000005556,Triazolam,CC1=NN=C2N1C3=C(C=C(C=C3)Cl)C(=NC2)C4=CC=CC=C4Cl,cholecystitis,CID000060198,Exemestane,CC12CCC3C(C1CCC2=O)CC(=C)C4=CC(=O)C=CC34C
CID000003203,Efavirenz,C1CC1C#CC2(C3=C(C=CC(=C3)Cl)NC(=O)O2)C(F)(F)F,constipated,CID000004634,oxybutynin,CCN(CC)CC#CCOC(=O)C(C1CCCCC1)(C2=CC=CC=C2)O
CID000002162,Amlodipine,CCOC(=O)C1=C(NC(=C(C1C2=CC=CC=C2Cl)C(=O)OC)C)COCCN,Adenopathy,CID000004885,Dexpramipexole,CCCNC1CCC2=C(C1)SC(=N2)N
CID000002162,Amlodipine,CCOC(=O)C1=C(NC(=C(C1C2=CC=CC=C2Cl)C(=O)OC)C)COCCN,erythema,CID000005426,Thalidomide,C1CC(=O)NC(=O)C1N2C(=O)C3=CC=CC=C3C2=O
CID000001302,Naproxen,CC(C1=CC2=C(C=C1)C=C(C=C2)OC)C(=O)O,Acne,CID000005391,Temazepam,CN1C2=C(C=C(C=C2)Cl)C(=NC(C1=O)O)C3=CC=CC=C3
CID000003016,Diazepam,CN1C(=O)CN=C(C2=C1C=CC(=C2)Cl)C3=CC=CC=C3,loss of weight,CID000003410,Formoterol,CC(CC1=CC=C(C=C1)OC)NCC(C2=CC(=C(C=C2)O)NC=O)O
CID000005039,Ranitidine,CNC(=C[N+](=O)[O-])NCCSCC1=CC=C(O1)CN(C)C,bulging,CID000444013,gadoversetamide,COCCNC(=O)CN(CCN(CCN(CC(=O)NCCOC)CC(=O)[O-])CC(=O)[O-])CC(=O)[O-].[Gd+3]
CID000001302,Naproxen,CC(C1=CC2=C(C=C1)C=C(C=C2)OC)C(=O)O,abnormal EEG,CID000003878,Lamotrigine,C1=CC(=C(C(=C1)Cl)Cl)C2=C(N=C(N=N2)N)N
CID000002585,Carvedilol,COC1=CC=CC=C1OCCNCC(COC2=CC=CC3=C2C4=CC=CC=C4N3)O,gastric inflammation,CID000004885,Dexpramipexole,CCCNC1CCC2=C(C1)SC(=N2)N
CID000001775,phenytoin,C1=CC=C(C=C1)C2(C(=O)NC(=O)N2)C3=CC=CC=C3,haemorrhage intracranial,CID000002955,Dapsone,C1=CC(=CC=C1N)S(=O)(=O)C2=CC=C(C=C2)N
CID000002662,Celecoxib,CC1=CC=C(C=C1)C2=CC(=NN2C3=CC=C(C=C3)S(=O)(=O)N)C(F)(F)F,icterus,CID000004943,Propofol,CC(C)C1=C(C(=CC=C1)C(C)C)O
CID000003446,Gabapentin,C1CCC(CC1)(CC(=O)O)CN,Adenopathy,CID000003877,Lamivudine,C1C(OC(S1)CO)N2C=CC(=NC2=O)N
CID000004539,Norfloxacin,CCN1C=C(C(=O)C2=CC(=C(C=C21)N3CCNCC3)F)C(=O)O,confusion,CID000216239,Sorafenib,CNC(=O)C1=NC=CC(=C1)OC2=CC=C(C=C2)NC(=O)NC3=CC(=C(C=C3)Cl)C(F)(F)F
CID000002541,Candesartan,CCOC1=NC2=CC=CC(=C2N1CC3=CC=C(C=C3)C4=CC=CC=C4C5=NNN=N5)C(=O)O,excessive thirst,CID000003325,Famotidine,C1=C(N=C(S1)N=C(N)N)CSCCC(=NS(=O)(=O)N)N
CID000005090,Rofecoxib,CS(=O)(=O)C1=CC=C(C=C1)C2=C(C(=O)OC2)C3=CC=CC=C3,Adenopathy,CID000005732,Zolpidem,CC1=CC=C(C=C1)C2=C(N3C=C(C=CC3=N2)C)CC(=O)N(C)C
CID000004236,Modafinil,C1=CC=C(C=C1)C(C2=CC=CC=C2)S(=O)CC(=O)N,High blood pressure,CID000004674,Pamidronic acid,C(CN)C(O)(P(=O)(O)O)P(=O)(O)O
CID000003385,Fluorouracil,C1=C(C(=O)NC(=O)N1)F,cellulitis,CID000003702,Indapamide,CC1CC2=CC=CC=C2N1NC(=O)C3=CC(=C(C=C3)Cl)S(=O)(=O)N
CID000002585,Carvedilol,COC1=CC=CC=C1OCCNCC(COC2=CC=CC3=C2C4=CC=CC=C4N3)O,fracture nonunion,CID000004819,Pilocarpine,CCC1C(COC1=O)CC2=CN=CN2C
CID000004595,Ondansetron,CC1=NC=CN1CC2CCC3=C(C2=O)C4=CC=CC=C4N3C,apoplexy,CID000065999,Telmisartan,CCCC1=NC2=C(N1CC3=CC=C(C=C3)C4=CC=CC=C4C(=O)O)C=C(C=C2C)C5=NC6=CC=CC=C6N5C
CID000002662,Celecoxib,CC1=CC=C(C=C1)C2=CC(=NN2C3=CC=C(C=C3)S(=O)(=O)N)C(F)(F)F,loss of weight,CID000004845,Pirbuterol,CC(C)(C)NCC(C1=NC(=C(C=C1)O)CO)O
CID000003440,Furosemide,C1=COC(=C1)CNC2=CC(=C(C=C2C(=O)O)S(=O)(=O)N)Cl,amyloidosis,CID000005978,vincristine,CCC1(CC2CC(C3=C(CCN(C2)C1)C4=CC=CC=C4N3)(C5=C(C=C6C(=C5)C78CCN9C7C(C=CC9)(C(C(C8N6C=O)(C(=O)OC)O)OC(=O)C)CC)OC)C(=O)OC)O
CID000002585,Carvedilol,COC1=CC=CC=C1OCCNCC(COC2=CC=CC3=C2C4=CC=CC=C4N3)O,Cardiomyopathy,CID000003325,Famotidine,C1=C(N=C(S1)N=C(N)N)CSCCC(=NS(=O)(=O)N)N
CID000002541,Candesartan,CCOC1=NC2=CC=CC(=C2N1CC3=CC=C(C=C3)C4=CC=CC=C4C5=NNN=N5)C(=O)O,Back Ache,CID000005426,Thalidomide,C1CC(=O)NC(=O)C1N2C(=O)C3=CC=CC=C3C2=O
CID000003446,Gabapentin,C1CCC(CC1)(CC(=O)O)CN,loss of weight,CID000060854,Ziprasidone,C1CN(CCN1CCC2=C(C=C3C(=C2)CC(=O)N3)Cl)C4=NSC5=CC=CC=C54
CID000002771,Citalopram,CN(C)CCCC1(C2=C(CO1)C=C(C=C2)C#N)C3=CC=C(C=C3)F,gastric inflammation,CID000005401,Terazosin,COC1=C(C=C2C(=C1)C(=NC(=N2)N3CCN(CC3)C(=O)C4CCCO4)N)OC
CID000005732,Zolpidem,CC1=CC=C(C=C1)C2=C(N3C=C(C=CC3=N2)C)CC(=O)N(C)C,loss of weight,CID000154059,solifenacin,C1CN2CCC1C(C2)OC(=O)N3CCC4=CC=CC=C4C3C5=CC=CC=C5
CID000005090,Rofecoxib,CS(=O)(=O)C1=CC=C(C=C1)C2=C(C(=O)OC2)C3=CC=CC=C3,cholecystitis,CID000041781,Torasemide,CC1=CC(=CC=C1)NC2=C(C=NC=C2)S(=O)(=O)NC(=O)NC(C)C
CID000002662,Celecoxib,CC1=CC=C(C=C1)C2=CC(=NN2C3=CC=C(C=C3)S(=O)(=O)N)C(F)(F)F,cholecystitis,CID000124087,Desloratadine,C1CC2=C(C=CC(=C2)Cl)C(=C3CCNCC3)C4=C1C=CC=N4
CID000004158,Methylphenidate,COC(=O)C(C1CCCCN1)C2=CC=CC=C2,loss of weight,CID000005152,Salmeterol,C1=CC=C(C=C1)CCCCOCCCCCCNCC(C2=CC(=C(C=C2)O)CO)O
CID000004171,Metoprolol,CC(C)NCC(COC1=CC=C(C=C1)CCOC)O,insulin dependent diabetes mellitus,CID000004748,Perphenazine,C1CN(CCN1CCCN2C3=CC=CC=C3SC4=C2C=C(C=C4)Cl)CCO
CID000003878,Lamotrigine,C1=CC(=C(C(=C1)Cl)Cl)C2=C(N=C(N=N2)N)N,cholecystitis,CID000004634,oxybutynin,CCN(CC)CC#CCOC(=O)C(C1CCCCC1)(C2=CC=CC=C2)O
CID000001986,acetazolamide,CC(=O)NC1=NN=C(S1)S(=O)(=O)N,Pain,CID000002662,Celecoxib,CC1=CC=C(C=C1)C2=CC(=NN2C3=CC=C(C=C3)S(=O)(=O)N)C(F)(F)F
CID000001302,Naproxen,CC(C1=CC2=C(C=C1)C=C(C=C2)OC)C(=O)O,Back Ache,CID000041781,Torasemide,CC1=CC(=CC=C1)NC2=C(C=NC=C2)S(=O)(=O)NC(=O)NC(C)C
CID000003325,Famotidine,C1=C(N=C(S1)N=C(N)N)CSCCC(=NS(=O)(=O)N)N,Adenopathy,CID000003878,Lamotrigine,C1=CC(=C(C(=C1)Cl)Cl)C2=C(N=C(N=N2)N)N
CID000002678,Cetirizine,C1CN(CCN1CCOCC(=O)O)C(C2=CC=CC=C2)C3=CC=C(C=C3)Cl,Erythema nodosum,CID000125017,desvenlafaxine,CN(C)CC(C1=CC=C(C=C1)O)C2(CCCCC2)O
CID000060835,Duloxetine,CNCCC(C1=CC=CS1)OC2=CC=CC3=CC=CC=C32,Adenopathy,CID000125017,desvenlafaxine,CN(C)CC(C1=CC=C(C=C1)O)C2(CCCCC2)O
CID000002662,Celecoxib,CC1=CC=C(C=C1)C2=CC(=NN2C3=CC=C(C=C3)S(=O)(=O)N)C(F)(F)F,allergic dermatitis,CID000004195,Midodrine,COC1=CC(=C(C=C1)OC)C(CNC(=O)CN)O
CID000002162,Amlodipine,CCOC(=O)C1=C(NC(=C(C1C2=CC=CC=C2Cl)C(=O)OC)C)COCCN,metabolic encephalopathy,CID000003440,Furosemide,C1=COC(=C1)CNC2=CC(=C(C=C2C(=O)O)S(=O)(=O)N)Cl
CID000004634,oxybutynin,CCN(CC)CC#CCOC(=O)C(C1CCCCC1)(C2=CC=CC=C2)O,apoplexy,CID000005719,Zaleplon,CCN(C1=CC=CC(=C1)C2=CC=NC3=C(C=NN23)C#N)C(=O)C
CID000002662,Celecoxib,CC1=CC=C(C=C1)C2=CC(=NN2C3=CC=C(C=C3)S(=O)(=O)N)C(F)(F)F,trigeminal neuralgia,CID004659569,tolcapone,CC1=CC=C(C=C1)C(=O)C2=CC(=C(C(=C2)O)O)[N+](=O)[O-]
CID000005394,Temozolomide,CN1C(=O)N2C=NC(=C2N=N1)C(=O)N,gastric inflammation,CID000005426,Thalidomide,C1CC(=O)NC(=O)C1N2C(=O)C3=CC=CC=C3C2=O
CID000003559,Haloperidol,C1CN(CCC1(C2=CC=C(C=C2)Cl)O)CCCC(=O)C3=CC=C(C=C3)F,erythema multiforme,CID000003715,indometacin,CC1=C(C2=C(N1C(=O)C3=CC=C(C=C3)Cl)C=CC(=C2)OC)CC(=O)O
CID000002162,Amlodipine,CCOC(=O)C1=C(NC(=C(C1C2=CC=CC=C2Cl)C(=O)OC)C)COCCN,loss of weight,CID000060854,Ziprasidone,C1CN(CCN1CCC2=C(C=C3C(=C2)CC(=O)N3)Cl)C4=NSC5=CC=CC=C54
CID000002771,Citalopram,CN(C)CCCC1(C2=C(CO1)C=C(C=C2)C#N)C3=CC=C(C=C3)F,metabolic encephalopathy,CID000005426,Thalidomide,C1CC(=O)NC(=O)C1N2C(=O)C3=CC=CC=C3C2=O
CID000004539,Norfloxacin,CCN1C=C(C(=O)C2=CC(=C(C=C21)N3CCNCC3)F)C(=O)O,folate deficiency,CID000005732,Zolpidem,CC1=CC=C(C=C1)C2=C(N3C=C(C=CC3=N2)C)CC(=O)N(C)C
CID000001302,Naproxen,CC(C1=CC2=C(C=C1)C=C(C=C2)OC)C(=O)O,adenomyosis,CID000003440,Furosemide,C1=COC(=C1)CNC2=CC(=C(C=C2C(=O)O)S(=O)(=O)N)Cl
CID000003345,Fentanyl,CCC(=O)N(C1CCN(CC1)CCC2=CC=CC=C2)C3=CC=CC=C3,back injury,CID000003869,Labetalol,CC(CCC1=CC=CC=C1)NCC(C2=CC(=C(C=C2)O)C(=O)N)O
CID000005391,Temazepam,CN1C2=C(C=C(C=C2)Cl)C(=NC(C1=O)O)C3=CC=CC=C3,constipated,CID000156419,Cinacalcet,CC(C1=CC=CC2=CC=CC=C21)NCCCC3=CC(=CC=C3)C(F)(F)F
CID000005039,Ranitidine,CNC(=C[N+](=O)[O-])NCCSCC1=CC=C(O1)CN(C)C,apoplexy,CID000036811,Dobutamine,CC(CCC1=CC=C(C=C1)O)NCCC2=CC(=C(C=C2)O)O
CID000004583,Ofloxacin,CC1COC2=C3N1C=C(C(=O)C3=CC(=C2N4CCN(CC4)C)F)C(=O)O,weight gain,CID000005291,Imatinib,CC1=C(C=C(C=C1)NC(=O)C2=CC=C(C=C2)CN3CCN(CC3)C)NC4=NC=CC(=N4)C5=CN=CC=C5
CID000002088,alendronic acid,C(CC(O)(P(=O)(O)O)P(=O)(O)O)CN,cholecystitis,CID000005358,Sumatriptan,CNS(=O)(=O)CC1=CC2=C(C=C1)NC=C2CCN(C)C
CID000002088,alendronic acid,C(CC(O)(P(=O)(O)O)P(=O)(O)O)CN,gastric inflammation,CID000003672,Ibuprofen,CC(C)CC1=CC=C(C=C1)C(C)C(=O)O
CID000001302,Naproxen,CC(C1=CC2=C(C=C1)C=C(C=C2)OC)C(=O)O,gastric inflammation,CID000005401,Terazosin,COC1=C(C=C2C(=C1)C(=NC(=N2)N3CCN(CC3)C(=O)C4CCCO4)N)OC
CID000003440,Furosemide,C1=COC(=C1)CNC2=CC(=C(C=C2C(=O)O)S(=O)(=O)N)Cl,gastric inflammation,CID000004614,Oxaprozin,C1=CC=C(C=C1)C2=C(OC(=N2)CCC(=O)O)C3=CC=CC=C3
CID000001302,Naproxen,CC(C1=CC2=C(C=C1)C=C(C=C2)OC)C(=O)O,glaucoma,CID000002170,Amoxapine,C1CN(CCN1)C2=NC3=CC=CC=C3OC4=C2C=C(C=C4)Cl
CID000059708,Etiracetam,CCC(C(=O)N)N1CCCC1=O,abnormal EEG,CID000060854,Ziprasidone,C1CN(CCN1CCC2=C(C=C3C(=C2)CC(=O)N3)Cl)C4=NSC5=CC=CC=C54
CID000002662,Celecoxib,CC1=CC=C(C=C1)C2=CC(=NN2C3=CC=C(C=C3)S(=O)(=O)N)C(F)(F)F,angiitis,CID000002719,Chloroquine,CCN(CC)CCCC(C)NC1=C2C=CC(=CC2=NC=C1)Cl
CID000005039,Ranitidine,CNC(=C[N+](=O)[O-])NCCSCC1=CC=C(O1)CN(C)C,cholecystitis,CID000077999,Rosiglitazone,CN(CCOC1=CC=C(C=C1)CC2C(=O)NC(=O)S2)C3=CC=CC=N3
CID000001986,acetazolamide,CC(=O)NC1=NN=C(S1)S(=O)(=O)N,Back Ache,CID000003325,Famotidine,C1=C(N=C(S1)N=C(N)N)CSCCC(=NS(=O)(=O)N)N
CID000003826,Ketorolac,C1CN2C(=CC=C2C(=O)C3=CC=CC=C3)C1C(=O)O,apoplexy,CID000005472,Ticlopidine,C1CN(CC2=C1SC=C2)CC3=CC=CC=C3Cl
CID000003325,Famotidine,C1=C(N=C(S1)N=C(N)N)CSCCC(=NS(=O)(=O)N)N,erythema,CID000056339,Fosphenytoin,C1=CC=C(C=C1)C2(C(=O)N(C(=O)N2)COP(=O)(O)O)C3=CC=CC=C3
CID000005039,Ranitidine,CNC(=C[N+](=O)[O-])NCCSCC1=CC=C(O1)CN(C)C,gastric inflammation,CID000005210,Sibutramine,CC(C)CC(C1(CCC1)C2=CC=C(C=C2)Cl)N(C)C
CID000003440,Furosemide,C1=COC(=C1)CNC2=CC(=C(C=C2C(=O)O)S(=O)(=O)N)Cl,right heart failure,CID000005152,Salmeterol,C1=CC=C(C=C1)CCCCOCCCCCCNCC(C2=CC(=C(C=C2)O)CO)O
CID000004173,Metronidazole,CC1=NC=C(N1CCO)[N+](=O)[O-],Adenopathy,CID006447131,Pimecrolimus,CCC1C=C(CC(CC(C2C(CC(C(O2)(C(=O)C(=O)N3CCCCC3C(=O)OC(C(C(CC1=O)O)C)C(=CC4CCC(C(C4)OC)Cl)C)O)C)OC)OC)C)C
CID000005090,Rofecoxib,CS(=O)(=O)C1=CC=C(C=C1)C2=C(C(=O)OC2)C3=CC=CC=C3,cholecystitis,CID000005556,Triazolam,CC1=NN=C2N1C3=C(C=C(C=C3)Cl)C(=NC2)C4=CC=CC=C4Cl
CID000001986,acetazolamide,CC(=O)NC1=NN=C(S1)S(=O)(=O)N,Pain,CID000003016,Diazepam,CN1C(=O)CN=C(C2=C1C=CC(=C2)Cl)C3=CC=CC=C3
CID000004158,Methylphenidate,COC(=O)C(C1CCCCN1)C2=CC=CC=C2,apoplexy,CID000216239,Sorafenib,CNC(=O)C1=NC=CC(=C1)OC2=CC=C(C=C2)NC(=O)NC3=CC(=C(C=C3)Cl)C(F)(F)F
CID000002771,Citalopram,CN(C)CCCC1(C2=C(CO1)C=C(C=C2)C#N)C3=CC=C(C=C3)F,Adenopathy,CID000005732,Zolpidem,CC1=CC=C(C=C1)C2=C(N3C=C(C=CC3=N2)C)CC(=O)N(C)C
CID000003203,Efavirenz,C1CC1C#CC2(C3=C(C=CC(=C3)Cl)NC(=O)O2)C(F)(F)F,elevated cholesterol,CID000060184,Perindopril,CCCC(C(=O)OCC)NC(C)C(=O)N1C2CCCCC2CC1C(=O)O
CID000003715,indometacin,CC1=C(C2=C(N1C(=O)C3=CC=C(C=C3)Cl)C=CC(=C2)OC)CC(=O)O,apoplexy,CID000004634,oxybutynin,CCN(CC)CC#CCOC(=O)C(C1CCCCC1)(C2=CC=CC=C2)O
CID000002662,Celecoxib,CC1=CC=C(C=C1)C2=CC(=NN2C3=CC=C(C=C3)S(=O)(=O)N)C(F)(F)F,cellulitis,CID000148211,Palonosetron,C1CC2CN(C(=O)C3=CC=CC(=C23)C1)C4CN5CCC4CC5
CID000002585,Carvedilol,COC1=CC=CC=C1OCCNCC(COC2=CC=CC3=C2C4=CC=CC=C4N3)O,cholecystitis,CID000003672,Ibuprofen,CC(C)CC1=CC=C(C=C1)C(C)C(=O)O
CID000002541,Candesartan,CCOC1=NC2=CC=CC(=C2N1CC3=CC=C(C=C3)C4=CC=CC=C4C5=NNN=N5)C(=O)O,weight gain,CID000060184,Perindopril,CCCC(C(=O)OCC)NC(C)C(=O)N1C2CCCCC2CC1C(=O)O
CID000004158,Methylphenidate,COC(=O)C(C1CCCCN1)C2=CC=CC=C2,drug toxicity NOS,CID000004583,Ofloxacin,CC1COC2=C3N1C=C(C(=O)C3=CC(=C2N4CCN(CC4)C)F)C(=O)O
CID000005090,Rofecoxib,CS(=O)(=O)C1=CC=C(C=C1)C2=C(C(=O)OC2)C3=CC=CC=C3,Dyspnea exertional,CID000059708,Etiracetam,CCC(C(=O)N)N1CCCC1=O
CID000003676,Lidocaine,CCN(CC)CC(=O)NC1=C(C=CC=C1C)C,enlarged liver,CID000005978,vincristine,CCC1(CC2CC(C3=C(CCN(C2)C1)C4=CC=CC=C4N3)(C5=C(C=C6C(=C5)C78CCN9C7C(C=CC9)(C(C(C8N6C=O)(C(=O)OC)O)OC(=O)C)CC)OC)C(=O)OC)O
CID000004201,Minoxidil,C1CCN(CC1)C2=NC(=N)N(C(=C2)N)O,thrombocytopenia,CID000060184,Perindopril,CCCC(C(=O)OCC)NC(C)C(=O)N1C2CCCCC2CC1C(=O)O
CID000002162,Amlodipine,CCOC(=O)C1=C(NC(=C(C1C2=CC=CC=C2Cl)C(=O)OC)C)COCCN,loss of weight,CID000004991,Pyridostigmine,C[N+]1=CC=CC(=C1)OC(=O)N(C)C
CID000002678,Cetirizine,C1CN(CCN1CCOCC(=O)O)C(C2=CC=CC=C2)C3=CC=C(C=C3)Cl,Sinus headache,CID000005291,Imatinib,CC1=C(C=C(C=C1)NC(=O)C2=CC=C(C=C2)CN3CCN(CC3)C)NC4=NC=CC(=N4)C5=CN=CC=C5
CID000002088,alendronic acid,C(CC(O)(P(=O)(O)O)P(=O)(O)O)CN,haemorrhage rectum,CID000003702,Indapamide,CC1CC2=CC=CC=C2N1NC(=O)C3=CC(=C(C=C3)Cl)S(=O)(=O)N
CID000004158,Methylphenidate,COC(=O)C(C1CCCCN1)C2=CC=CC=C2,angina,CID000005401,Terazosin,COC1=C(C=C2C(=C1)C(=NC(=N2)N3CCN(CC3)C(=O)C4CCCO4)N)OC
CID000005746,mitomycin C,CC1=C(C(=O)C2=C(C1=O)N3CC4C(C3(C2COC(=O)N)OC)N4)N,myelodysplasia,CID000005978,vincristine,CCC1(CC2CC(C3=C(CCN(C2)C1)C4=CC=CC=C4N3)(C5=C(C=C6C(=C5)C78CCN9C7C(C=CC9)(C(C(C8N6C=O)(C(=O)OC)O)OC(=O)C)CC)OC)C(=O)OC)O
CID000003016,Diazepam,CN1C(=O)CN=C(C2=C1C=CC(=C2)Cl)C3=CC=CC=C3,micturition urgency,CID000060184,Perindopril,CCCC(C(=O)OCC)NC(C)C(=O)N1C2CCCCC2CC1C(=O)O
CID000002678,Cetirizine,C1CN(CCN1CCOCC(=O)O)C(C2=CC=CC=C2)C3=CC=C(C=C3)Cl,Bleeding,CID000004991,Pyridostigmine,C[N+]1=CC=CC(=C1)OC(=O)N(C)C
CID000004158,Methylphenidate,COC(=O)C(C1CCCCN1)C2=CC=CC=C2,cholecystitis,CID000060854,Ziprasidone,C1CN(CCN1CCC2=C(C=C3C(=C2)CC(=O)N3)Cl)C4=NSC5=CC=CC=C54
CID000002662,Celecoxib,CC1=CC=C(C=C1)C2=CC(=NN2C3=CC=C(C=C3)S(=O)(=O)N)C(F)(F)F,apoplexy,CID000002732,chlortalidone,C1=CC=C2C(=C1)C(=O)NC2(C3=CC(=C(C=C3)Cl)S(=O)(=O)N)O
CID000002022,Aciclovir,C1=NC2=C(N1COCCO)NC(=NC2=O)N,right heart failure,CID000003454,Ganciclovir,C1=NC2=C(N1COC(CO)CO)NC(=NC2=O)N
CID000003825,Ketoprofen,CC(C1=CC(=CC=C1)C(=O)C2=CC=CC=C2)C(=O)O,insomnia,CID000003877,Lamivudine,C1C(OC(S1)CO)N2C=CC(=NC2=O)N
CID000005245,Risedronic acid,C1=CC(=CN=C1)CC(O)(P(=O)(O)O)P(=O)(O)O,erythema,CID000005732,Zolpidem,CC1=CC=C(C=C1)C2=C(N3C=C(C=CC3=N2)C)CC(=O)N(C)C
CID000003325,Famotidine,C1=C(N=C(S1)N=C(N)N)CSCCC(=NS(=O)(=O)N)N,elevated cholesterol,CID000004845,Pirbuterol,CC(C)(C)NCC(C1=NC(=C(C=C1)O)CO)O
CID000060835,Duloxetine,CNCCC(C1=CC=CS1)OC2=CC=CC3=CC=CC=C32,nausea,CID000071158,Acamprosate,CC(=O)NCCCS(=O)(=O)O
CID000005391,Temazepam,CN1C2=C(C=C(C=C2)Cl)C(=NC(C1=O)O)C3=CC=CC=C3,cholecystitis,CID000019090,Megestrol,CC1=CC2C(CCC3(C2CCC3(C(=O)C)O)C)C4(C1=CC(=O)CC4)C
CID000002541,Candesartan,CCOC1=NC2=CC=CC(=C2N1CC3=CC=C(C=C3)C4=CC=CC=C4C5=NNN=N5)C(=O)O,gastric inflammation,CID000060835,Duloxetine,CNCCC(C1=CC=CS1)OC2=CC=CC3=CC=CC=C32
CID000005212,Sildenafil,CCCC1=NN(C2=C1NC(=NC2=O)C3=C(C=CC(=C3)S(=O)(=O)N4CCN(CC4)C)OCC)C,apoplexy,CID000005719,Zaleplon,CCN(C1=CC=CC(=C1)C2=CC=NC3=C(C=NN23)C#N)C(=O)C
CID000005245,Risedronic acid,C1=CC(=CN=C1)CC(O)(P(=O)(O)O)P(=O)(O)O,Sinus headache,CID000005291,Imatinib,CC1=C(C=C(C=C1)NC(=O)C2=CC=C(C=C2)CN3CCN(CC3)C)NC4=NC=CC(=N4)C5=CN=CC=C5
CID000003440,Furosemide,C1=COC(=C1)CNC2=CC(=C(C=C2C(=O)O)S(=O)(=O)N)Cl,haemorrhage rectum,CID003002190,Telithromycin,CCC1C2(C(C(C(=O)C(CC(C(C(C(=O)C(C(=O)O1)C)C)OC3C(C(CC(O3)C)N(C)C)O)(C)OC)C)C)N(C(=O)O2)CCCCN4C=C(N=C4)C5=CN=CC=C5)C
CID000002771,Citalopram,CN(C)CCCC1(C2=C(CO1)C=C(C=C2)C#N)C3=CC=C(C=C3)F,loss of weight,CID000004463,nevirapine,CC1=C2C(=NC=C1)N(C3=C(C=CC=N3)C(=O)N2)C4CC4
CID000002471,Bumetanide,CCCCNC1=C(C(=CC(=C1)C(=O)O)S(=O)(=O)N)OC2=CC=CC=C2,hepatic neoplasia,CID000003339,Fenofibrate,CC(C)OC(=O)C(C)(C)OC1=CC=C(C=C1)C(=O)C2=CC=C(C=C2)Cl
CID000000143,folinic acid,C1C(N(C2=C(N1)NC(=NC2=O)N)C=O)CNC3=CC=C(C=C3)C(=O)NC(CCC(=O)O)C(=O)O,eruption,CID000005426,Thalidomide,C1CC(=O)NC(=O)C1N2C(=O)C3=CC=CC=C3C2=O
CID000003016,Diazepam,CN1C(=O)CN=C(C2=C1C=CC(=C2)Cl)C3=CC=CC=C3,gastric inflammation,CID000003672,Ibuprofen,CC(C)CC1=CC=C(C=C1)C(C)C(=O)O
CID000001302,Naproxen,CC(C1=CC2=C(C=C1)C=C(C=C2)OC)C(=O)O,Adenopathy,CID000148211,Palonosetron,C1CC2CN(C(=O)C3=CC=CC(=C23)C1)C4CN5CCC4CC5
CID000002118,Alprazolam,CC1=NN=C2N1C3=C(C=C(C=C3)Cl)C(=NC2)C4=CC=CC=C4,loss of weight,CID000003410,Formoterol,CC(CC1=CC=C(C=C1)OC)NCC(C2=CC(=C(C=C2)O)NC=O)O
CID000003345,Fentanyl,CCC(=O)N(C1CCN(CC1)CCC2=CC=CC=C2)C3=CC=CC=C3,dysarthria,CID000005578,Trimethoprim,COC1=CC(=CC(=C1OC)OC)CC2=CN=C(N=C2N)N
CID000002771,Citalopram,CN(C)CCCC1(C2=C(CO1)C=C(C=C2)C#N)C3=CC=C(C=C3)F,haematoma,CID000004195,Midodrine,COC1=CC(=C(C=C1)OC)C(CNC(=O)CN)O
CID000060835,Duloxetine,CNCCC(C1=CC=CS1)OC2=CC=CC3=CC=CC=C32,loss of weight,CID000154059,solifenacin,C1CN2CCC1C(C2)OC(=O)N3CCC4=CC=CC=C4C3C5=CC=CC=C5
CID000005090,Rofecoxib,CS(=O)(=O)C1=CC=C(C=C1)C2=C(C(=O)OC2)C3=CC=CC=C3,eruption,CID000005291,Imatinib,CC1=C(C=C(C=C1)NC(=O)C2=CC=C(C=C2)CN3CCN(CC3)C)NC4=NC=CC(=N4)C5=CN=CC=C5
CID000003016,Diazepam,CN1C(=O)CN=C(C2=C1C=CC(=C2)Cl)C3=CC=CC=C3,cholecystitis,CID000003825,Ketoprofen,CC(C1=CC(=CC=C1)C(=O)C2=CC=CC=C2)C(=O)O
CID000003016,Diazepam,CN1C(=O)CN=C(C2=C1C=CC(=C2)Cl)C3=CC=CC=C3,drug toxicity NOS,CID000005394,Temozolomide,CN1C(=O)N2C=NC(=C2N=N1)C(=O)N
CID000001302,Naproxen,CC(C1=CC2=C(C=C1)C=C(C=C2)OC)C(=O)O,erythema,CID000004991,Pyridostigmine,C[N+]1=CC=CC(=C1)OC(=O)N(C)C
CID000005394,Temozolomide,CN1C(=O)N2C=NC(=C2N=N1)C(=O)N,body temperature increased,CID000005578,Trimethoprim,COC1=CC(=CC(=C1OC)OC)CC2=CN=C(N=C2N)N
CID000004614,Oxaprozin,C1=CC=C(C=C1)C2=C(OC(=N2)CCC(=O)O)C3=CC=CC=C3,gastric inflammation,CID000005212,Sildenafil,CCCC1=NN(C2=C1NC(=NC2=O)C3=C(C=CC(=C3)S(=O)(=O)N4CCN(CC4)C)OCC)C
CID000002771,Citalopram,CN(C)CCCC1(C2=C(CO1)C=C(C=C2)C#N)C3=CC=C(C=C3)F,allergic dermatitis,CID000213039,Darunavir,CC(C)CN(CC(C(CC1=CC=CC=C1)NC(=O)OC2COC3C2CCO3)O)S(=O)(=O)C4=CC=C(C=C4)N
CID000003325,Famotidine,C1=C(N=C(S1)N=C(N)N)CSCCC(=NS(=O)(=O)N)N,cholecystitis,CID000004053,melphalan,C1=CC(=CC=C1CC(C(=O)O)N)N(CCCl)CCCl
CID000005090,Rofecoxib,CS(=O)(=O)C1=CC=C(C=C1)C2=C(C(=O)OC2)C3=CC=CC=C3,atelectasis,CID005362070,Balsalazide,C1=CC(=CC=C1C(=O)NCCC(=O)O)NN=C2C=CC(=O)C(=C2)C(=O)O
CID000005523,Tramadol,CN(C)CC1CCCCC1(C2=CC(=CC=C2)OC)O,loss of weight,CID000123606,Almotriptan,CN(C)CCC1=CNC2=C1C=C(C=C2)CS(=O)(=O)N3CCCC3
CID000005090,Rofecoxib,CS(=O)(=O)C1=CC=C(C=C1)C2=C(C(=O)OC2)C3=CC=CC=C3,cholecystitis,CID000065999,Telmisartan,CCCC1=NC2=C(N1CC3=CC=C(C=C3)C4=CC=CC=C4C(=O)O)C=C(C=C2C)C5=NC6=CC=CC=C6N5C
CID000005556,Triazolam,CC1=NN=C2N1C3=C(C=C(C=C3)Cl)C(=NC2)C4=CC=CC=C4Cl,neumonia,CID000077999,Rosiglitazone,CN(CCOC1=CC=C(C=C1)CC2C(=O)NC(=O)S2)C3=CC=CC=N3
CID000001302,Naproxen,CC(C1=CC2=C(C=C1)C=C(C=C2)OC)C(=O)O,Adenopathy,CID000002955,Dapsone,C1=CC(=CC=C1N)S(=O)(=O)C2=CC=C(C=C2)N
CID000004173,Metronidazole,CC1=NC=C(N1CCO)[N+](=O)[O-],drug toxicity NOS,CID000005401,Terazosin,COC1=C(C=C2C(=C1)C(=NC(=N2)N3CCN(CC3)C(=O)C4CCCO4)N)OC
CID000003016,Diazepam,CN1C(=O)CN=C(C2=C1C=CC(=C2)Cl)C3=CC=CC=C3,insulin dependent diabetes mellitus,CID000091270,Moexipril,CCOC(=O)C(CCC1=CC=CC=C1)NC(C)C(=O)N2CC3=CC(=C(C=C3CC2C(=O)O)OC)OC
CID000004158,Methylphenidate,COC(=O)C(C1CCCCN1)C2=CC=CC=C2,gastric inflammation,CID000019090,Megestrol,CC1=CC2C(CCC3(C2CCC3(C(=O)C)O)C)C4(C1=CC(=O)CC4)C
CID000002771,Citalopram,CN(C)CCCC1(C2=C(CO1)C=C(C=C2)C#N)C3=CC=C(C=C3)F,metabolic encephalopathy,CID000003463,Gemfibrozil,CC1=CC(=C(C=C1)C)OCCCC(C)(C)C(=O)O
CID000003878,Lamotrigine,C1=CC(=C(C(=C1)Cl)Cl)C2=C(N=C(N=N2)N)N,bulging,CID000004614,Oxaprozin,C1=CC=C(C=C1)C2=C(OC(=N2)CCC(=O)O)C3=CC=CC=C3
CID000002771,Citalopram,CN(C)CCCC1(C2=C(CO1)C=C(C=C2)C#N)C3=CC=C(C=C3)F,failure to thrive,CID000148211,Palonosetron,C1CC2CN(C(=O)C3=CC=CC(=C23)C1)C4CN5CCC4CC5
CID000004173,Metronidazole,CC1=NC=C(N1CCO)[N+](=O)[O-],gastric inflammation,CID000005732,Zolpidem,CC1=CC=C(C=C1)C2=C(N3C=C(C=CC3=N2)C)CC(=O)N(C)C
CID000005523,Tramadol,CN(C)CC1CCCCC1(C2=CC(=CC=C2)OC)O,cholecystitis,CID000065999,Telmisartan,CCCC1=NC2=C(N1CC3=CC=C(C=C3)C4=CC=CC=C4C(=O)O)C=C(C=C2C)C5=NC6=CC=CC=C6N5C
CID000002678,Cetirizine,C1CN(CCN1CCOCC(=O)O)C(C2=CC=CC=C2)C3=CC=C(C=C3)Cl,apoplexy,CID000003108,Dipyridamole,C1CCN(CC1)C2=NC(=NC3=C2N=C(N=C3N4CCCCC4)N(CCO)CCO)N(CCO)CCO
CID000004158,Methylphenidate,COC(=O)C(C1CCCCN1)C2=CC=CC=C2,Back Ache,CID000005533,Trazodone,C1CN(CCN1CCCN2C(=O)N3C=CC=CC3=N2)C4=CC(=CC=C4)Cl
CID000060835,Duloxetine,CNCCC(C1=CC=CS1)OC2=CC=CC3=CC=CC=C32,narcolepsy,CID000213039,Darunavir,CC(C)CN(CC(C(CC1=CC=CC=C1)NC(=O)OC2COC3C2CCO3)O)S(=O)(=O)C4=CC=C(C=C4)N
CID000002022,Aciclovir,C1=NC2=C(N1COCCO)NC(=NC2=O)N,abdominal pain upper,CID000005578,Trimethoprim,COC1=CC(=CC(=C1OC)OC)CC2=CN=C(N=C2N)N
CID000004595,Ondansetron,CC1=NC=CN1CC2CCC3=C(C2=O)C4=CC=CC=C4N3C,cholecystitis,CID000005152,Salmeterol,C1=CC=C(C=C1)CCCCOCCCCCCNCC(C2=CC(=C(C=C2)O)CO)O
CID000003345,Fentanyl,CCC(=O)N(C1CCN(CC1)CCC2=CC=CC=C2)C3=CC=CC=C3,back injury,CID000005533,Trazodone,C1CN(CCN1CCCN2C(=O)N3C=CC=CC3=N2)C4=CC(=CC=C4)Cl
CID000004170,Metolazone,CC1NC2=CC(=C(C=C2C(=O)N1C3=CC=CC=C3C)S(=O)(=O)N)Cl,Adenopathy,CID000004674,Pamidronic acid,C(CN)C(O)(P(=O)(O)O)P(=O)(O)O
CID000002678,Cetirizine,C1CN(CCN1CCOCC(=O)O)C(C2=CC=CC=C2)C3=CC=C(C=C3)Cl,cholecystitis,CID000005152,Salmeterol,C1=CC=C(C=C1)CCCCOCCCCCCNCC(C2=CC(=C(C=C2)O)CO)O
CID000005472,Ticlopidine,C1CN(CC2=C1SC=C2)CC3=CC=CC=C3Cl,thrombocytopenia,CID000005486,Tirofiban,CCCCS(=O)(=O)NC(CC1=CC=C(C=C1)OCCCCC2CCNCC2)C(=O)O
CID000003446,Gabapentin,C1CCC(CC1)(CC(=O)O)CN,Back Ache,CID003002190,Telithromycin,CCC1C2(C(C(C(=O)C(CC(C(C(C(=O)C(C(=O)O1)C)C)OC3C(C(CC(O3)C)N(C)C)O)(C)OC)C)C)N(C(=O)O2)CCCCN4C=C(N=C4)C5=CN=CC=C5)C
CID000002118,Alprazolam,CC1=NN=C2N1C3=C(C=C(C=C3)Cl)C(=NC2)C4=CC=CC=C4,haemorrhage rectum,CID000003385,Fluorouracil,C1=C(C(=O)NC(=O)N1)F
CID000000143,folinic acid,C1C(N(C2=C(N1)NC(=NC2=O)N)C=O)CNC3=CC=C(C=C3)C(=O)NC(CCC(=O)O)C(=O)O,abnormal ECG,CID000004674,Pamidronic acid,C(CN)C(O)(P(=O)(O)O)P(=O)(O)O
CID000003345,Fentanyl,CCC(=O)N(C1CCN(CC1)CCC2=CC=CC=C2)C3=CC=CC=C3,disseminated lupus erythematosus,CID000003821,Ketamine,CNC1(CCCCC1=O)C2=CC=CC=C2Cl
CID000005245,Risedronic acid,C1=CC(=CN=C1)CC(O)(P(=O)(O)O)P(=O)(O)O,apoplexy,CID000065999,Telmisartan,CCCC1=NC2=C(N1CC3=CC=C(C=C3)C4=CC=CC=C4C(=O)O)C=C(C=C2C)C5=NC6=CC=CC=C6N5C
CID000002162,Amlodipine,CCOC(=O)C1=C(NC(=C(C1C2=CC=CC=C2Cl)C(=O)OC)C)COCCN,cholecystitis,CID000002955,Dapsone,C1=CC(=CC=C1N)S(=O)(=O)C2=CC=C(C=C2)N
CID000003325,Famotidine,C1=C(N=C(S1)N=C(N)N)CSCCC(=NS(=O)(=O)N)N,Adenopathy,CID000004943,Propofol,CC(C)C1=C(C(=CC=C1)C(C)C)O
CID000002088,alendronic acid,C(CC(O)(P(=O)(O)O)P(=O)(O)O)CN,Adenopathy,CID000005291,Imatinib,CC1=C(C=C(C=C1)NC(=O)C2=CC=C(C=C2)CN3CCN(CC3)C)NC4=NC=CC(=N4)C5=CN=CC=C5
CID000002771,Citalopram,CN(C)CCCC1(C2=C(CO1)C=C(C=C2)C#N)C3=CC=C(C=C3)F,muscle disorder,CID000003637,hydralazine,C1=CC=C2C(=C1)C=NN=C2NN
CID000002022,Aciclovir,C1=NC2=C(N1COCCO)NC(=NC2=O)N,eruption,CID000003108,Dipyridamole,C1CCN(CC1)C2=NC(=NC3=C2N=C(N=C3N4CCCCC4)N(CCO)CCO)N(CCO)CCO
CID000077999,Rosiglitazone,CN(CCOC1=CC=C(C=C1)CC2C(=O)NC(=O)S2)C3=CC=CC=N3,Adenopathy,CID005311027,Bimatoprost,CCNC(=O)CCCC=CCC1C(CC(C1C=CC(CCC2=CC=CC=C2)O)O)O
CID000004173,Metronidazole,CC1=NC=C(N1CCO)[N+](=O)[O-],metabolic encephalopathy,CID000005426,Thalidomide,C1CC(=O)NC(=O)C1N2C(=O)C3=CC=CC=C3C2=O
CID000001986,acetazolamide,CC(=O)NC1=NN=C(S1)S(=O)(=O)N,allergic dermatitis,CID000004943,Propofol,CC(C)C1=C(C(=CC=C1)C(C)C)O
CID000004171,Metoprolol,CC(C)NCC(COC1=CC=C(C=C1)CCOC)O,abdominal pain upper,CID000104741,Fulvestrant,CC12CCC3C(C1CCC2O)C(CC4=C3C=CC(=C4)O)CCCCCCCCCS(=O)CCCC(C(F)(F)F)(F)F
CID000002662,Celecoxib,CC1=CC=C(C=C1)C2=CC(=NN2C3=CC=C(C=C3)S(=O)(=O)N)C(F)(F)F,Sinus headache,CID000104741,Fulvestrant,CC12CCC3C(C1CCC2O)C(CC4=C3C=CC(=C4)O)CCCCCCCCCS(=O)CCCC(C(F)(F)F)(F)F
CID000002022,Aciclovir,C1=NC2=C(N1COCCO)NC(=NC2=O)N,cholecystitis,CID000003672,Ibuprofen,CC(C)CC1=CC=C(C=C1)C(C)C(=O)O
CID000004173,Metronidazole,CC1=NC=C(N1CCO)[N+](=O)[O-],Acute Respiratory Distress Syndrome,CID000005978,vincristine,CCC1(CC2CC(C3=C(CCN(C2)C1)C4=CC=CC=C4N3)(C5=C(C=C6C(=C5)C78CCN9C7C(C=CC9)(C(C(C8N6C=O)(C(=O)OC)O)OC(=O)C)CC)OC)C(=O)OC)O
CID000019090,Megestrol,CC1=CC2C(CCC3(C2CCC3(C(=O)C)O)C)C4(C1=CC(=O)CC4)C,ADVERSE DRUG EFFECT,CID000216239,Sorafenib,CNC(=O)C1=NC=CC(=C1)OC2=CC=C(C=C2)NC(=O)NC3=CC(=C(C=C3)Cl)C(F)(F)F
CID000003715,indometacin,CC1=C(C2=C(N1C(=O)C3=CC=C(C=C3)Cl)C=CC(=C2)OC)CC(=O)O,elevated erythrocyte sedimentation rate,CID000004674,Pamidronic acid,C(CN)C(O)(P(=O)(O)O)P(=O)(O)O
CID000002471,Bumetanide,CCCCNC1=C(C(=CC(=C1)C(=O)O)S(=O)(=O)N)OC2=CC=CC=C2,neumonia,CID000005978,vincristine,CCC1(CC2CC(C3=C(CCN(C2)C1)C4=CC=CC=C4N3)(C5=C(C=C6C(=C5)C78CCN9C7C(C=CC9)(C(C(C8N6C=O)(C(=O)OC)O)OC(=O)C)CC)OC)C(=O)OC)O
CID000003157,Doxazosin,COC1=C(C=C2C(=C1)C(=NC(=N2)N3CCN(CC3)C(=O)C4COC5=CC=CC=C5O4)N)OC,atelectasis,CID000004674,Pamidronic acid,C(CN)C(O)(P(=O)(O)O)P(=O)(O)O
CID000004158,Methylphenidate,COC(=O)C(C1CCCCN1)C2=CC=CC=C2,Bacteraemia,CID000176870,Erlotinib,COCCOC1=C(C=C2C(=C1)C(=NC=N2)NC3=CC=CC(=C3)C#C)OCCOC
CID000001983,Paracetamol,CC(=O)NC1=CC=C(C=C1)O,thrombocytopenia,CID000005486,Tirofiban,CCCCS(=O)(=O)NC(CC1=CC=C(C=C1)OCCCCC2CCNCC2)C(=O)O
CID000002662,Celecoxib,CC1=CC=C(C=C1)C2=CC(=NN2C3=CC=C(C=C3)S(=O)(=O)N)C(F)(F)F,Adenopathy,CID000005291,Imatinib,CC1=C(C=C(C=C1)NC(=O)C2=CC=C(C=C2)CN3CCN(CC3)C)NC4=NC=CC(=N4)C5=CN=CC=C5
CID000005039,Ranitidine,CNC(=C[N+](=O)[O-])NCCSCC1=CC=C(O1)CN(C)C,gastric inflammation,CID000005732,Zolpidem,CC1=CC=C(C=C1)C2=C(N3C=C(C=CC3=N2)C)CC(=O)N(C)C
CID000003108,Dipyridamole,C1CCN(CC1)C2=NC(=NC3=C2N=C(N=C3N4CCCCC4)N(CCO)CCO)N(CCO)CCO,weight gain,CID000005212,Sildenafil,CCCC1=NN(C2=C1NC(=NC2=O)C3=C(C=CC(=C3)S(=O)(=O)N4CCN(CC4)C)OCC)C
CID000003825,Ketoprofen,CC(C1=CC(=CC=C1)C(=O)C2=CC=CC=C2)C(=O)O,nasopharyngitis,CID000004674,Pamidronic acid,C(CN)C(O)(P(=O)(O)O)P(=O)(O)O
CID000004158,Methylphenidate,COC(=O)C(C1CCCCN1)C2=CC=CC=C2,agitated,CID000005291,Imatinib,CC1=C(C=C(C=C1)NC(=O)C2=CC=C(C=C2)CN3CCN(CC3)C)NC4=NC=CC(=N4)C5=CN=CC=C5
CID000124087,Desloratadine,C1CC2=C(C=CC(=C2)Cl)C(=C3CCNCC3)C4=C1C=CC=N4,acute pancreatitis,CID000213039,Darunavir,CC(C)CN(CC(C(CC1=CC=CC=C1)NC(=O)OC2COC3C2CCO3)O)S(=O)(=O)C4=CC=C(C=C4)N
CID000003869,Labetalol,CC(CCC1=CC=CC=C1)NCC(C2=CC(=C(C=C2)O)C(=O)N)O,apoplexy,CID000004171,Metoprolol,CC(C)NCC(COC1=CC=C(C=C1)CCOC)O
CID000002471,Bumetanide,CCCCNC1=C(C(=CC(=C1)C(=O)O)S(=O)(=O)N)OC2=CC=CC=C2,weight gain,CID000041781,Torasemide,CC1=CC(=CC=C1)NC2=C(C=NC=C2)S(=O)(=O)NC(=O)NC(C)C
CID000002756,Cimetidine,CC1=C(N=CN1)CSCCNC(=NC)NC#N,erythema,CID000004674,Pamidronic acid,C(CN)C(O)(P(=O)(O)O)P(=O)(O)O
CID000003715,indometacin,CC1=C(C2=C(N1C(=O)C3=CC=C(C=C3)Cl)C=CC(=C2)OC)CC(=O)O,arterial pressure NOS increased,CID000041781,Torasemide,CC1=CC(=CC=C1)NC2=C(C=NC=C2)S(=O)(=O)NC(=O)NC(C)C
CID000003878,Lamotrigine,C1=CC(=C(C(=C1)Cl)Cl)C2=C(N=C(N=N2)N)N,loss of weight,CID000041781,Torasemide,CC1=CC(=CC=C1)NC2=C(C=NC=C2)S(=O)(=O)NC(=O)NC(C)C
CID000004634,oxybutynin,CCN(CC)CC#CCOC(=O)C(C1CCCCC1)(C2=CC=CC=C2)O,apoplexy,CID000004845,Pirbuterol,CC(C)(C)NCC(C1=NC(=C(C=C1)O)CO)O
CID000004171,Metoprolol,CC(C)NCC(COC1=CC=C(C=C1)CCOC)O,Dyspnea exertional,CID005311027,Bimatoprost,CCNC(=O)CCCC=CCC1C(CC(C1C=CC(CCC2=CC=CC=C2)O)O)O
CID000001302,Naproxen,CC(C1=CC2=C(C=C1)C=C(C=C2)OC)C(=O)O,cholecystitis,CID000004634,oxybutynin,CCN(CC)CC#CCOC(=O)C(C1CCCCC1)(C2=CC=CC=C2)O
CID000002756,Cimetidine,CC1=C(N=CN1)CSCCNC(=NC)NC#N,back injury,CID000003869,Labetalol,CC(CCC1=CC=CC=C1)NCC(C2=CC(=C(C=C2)O)C(=O)N)O
CID000002756,Cimetidine,CC1=C(N=CN1)CSCCNC(=NC)NC#N,angiitis,CID000003652,hydroxychloroquine,CCN(CCCC(C)NC1=C2C=CC(=CC2=NC=C1)Cl)CCO
CID000003446,Gabapentin,C1CCC(CC1)(CC(=O)O)CN,erythema,CID000003652,hydroxychloroquine,CCN(CCCC(C)NC1=C2C=CC(=CC2=NC=C1)Cl)CCO
CID000003157,Doxazosin,COC1=C(C=C2C(=C1)C(=NC(=N2)N3CCN(CC3)C(=O)C4COC5=CC=CC=C5O4)N)OC,loss of weight,CID000003385,Fluorouracil,C1=C(C(=O)NC(=O)N1)F
CID000004170,Metolazone,CC1NC2=CC(=C(C=C2C(=O)N1C3=CC=CC=C3C)S(=O)(=O)N)Cl,drug toxicity NOS,CID000005212,Sildenafil,CCCC1=NN(C2=C1NC(=NC2=O)C3=C(C=CC(=C3)S(=O)(=O)N4CCN(CC4)C)OCC)C
CID000002662,Celecoxib,CC1=CC=C(C=C1)C2=CC(=NN2C3=CC=C(C=C3)S(=O)(=O)N)C(F)(F)F,erythema,CID000005719,Zaleplon,CCN(C1=CC=CC(=C1)C2=CC=NC3=C(C=NN23)C#N)C(=O)C
CID000001986,acetazolamide,CC(=O)NC1=NN=C(S1)S(=O)(=O)N,Back Ache,CID000002771,Citalopram,CN(C)CCCC1(C2=C(CO1)C=C(C=C2)C#N)C3=CC=C(C=C3)F
CID000003446,Gabapentin,C1CCC(CC1)(CC(=O)O)CN,adenomyosis,CID000003826,Ketorolac,C1CN2C(=CC=C2C(=O)C3=CC=CC=C3)C1C(=O)O
CID000005212,Sildenafil,CCCC1=NN(C2=C1NC(=NC2=O)C3=C(C=CC(=C3)S(=O)(=O)N4CCN(CC4)C)OCC)C,loss of weight,CID000071158,Acamprosate,CC(=O)NCCCS(=O)(=O)O
CID000001302,Naproxen,CC(C1=CC2=C(C=C1)C=C(C=C2)OC)C(=O)O,edema,CID000005719,Zaleplon,CCN(C1=CC=CC(=C1)C2=CC=NC3=C(C=NN23)C#N)C(=O)C
CID000002585,Carvedilol,COC1=CC=CC=C1OCCNCC(COC2=CC=CC3=C2C4=CC=CC=C4N3)O,thrombocytopenia,CID000005486,Tirofiban,CCCCS(=O)(=O)NC(CC1=CC=C(C=C1)OCCCCC2CCNCC2)C(=O)O
CID000002678,Cetirizine,C1CN(CCN1CCOCC(=O)O)C(C2=CC=CC=C2)C3=CC=C(C=C3)Cl,Thrombophlebitis,CID000005978,vincristine,CCC1(CC2CC(C3=C(CCN(C2)C1)C4=CC=CC=C4N3)(C5=C(C=C6C(=C5)C78CCN9C7C(C=CC9)(C(C(C8N6C=O)(C(=O)OC)O)OC(=O)C)CC)OC)C(=O)OC)O
CID000003878,Lamotrigine,C1=CC(=C(C(=C1)Cl)Cl)C2=C(N=C(N=N2)N)N,apoplexy,CID000005719,Zaleplon,CCN(C1=CC=CC(=C1)C2=CC=NC3=C(C=NN23)C#N)C(=O)C
CID000002662,Celecoxib,CC1=CC=C(C=C1)C2=CC(=NN2C3=CC=C(C=C3)S(=O)(=O)N)C(F)(F)F,gastric inflammation,CID000003672,Ibuprofen,CC(C)CC1=CC=C(C=C1)C(C)C(=O)O
CID000003826,Ketorolac,C1CN2C(=CC=C2C(=O)C3=CC=CC=C3)C1C(=O)O,gastric inflammation,CID000004614,Oxaprozin,C1=CC=C(C=C1)C2=C(OC(=N2)CCC(=O)O)C3=CC=CC=C3
CID000001775,phenytoin,C1=CC=C(C=C1)C2(C(=O)NC(=O)N2)C3=CC=CC=C3,abnormal EEG,CID000004943,Propofol,CC(C)C1=C(C(=CC=C1)C(C)C)O
CID000004236,Modafinil,C1=CC=C(C=C1)C(C2=CC=CC=C2)S(=O)CC(=O)N,nocturia,CID005311027,Bimatoprost,CCNC(=O)CCCC=CCC1C(CC(C1C=CC(CCC2=CC=CC=C2)O)O)O
CID000003345,Fentanyl,CCC(=O)N(C1CCN(CC1)CCC2=CC=CC=C2)C3=CC=CC=C3,Adenopathy,CID000003826,Ketorolac,C1CN2C(=CC=C2C(=O)C3=CC=CC=C3)C1C(=O)O
CID000003345,Fentanyl,CCC(=O)N(C1CCN(CC1)CCC2=CC=CC=C2)C3=CC=CC=C3,thrombocytopenia,CID000009433,Aminophylline,CN1C2=C(C(=O)N(C1=O)C)NC=N2.CN1C2=C(C(=O)N(C1=O)C)NC=N2.C(CN)N
CID000003672,Ibuprofen,CC(C)CC1=CC=C(C=C1)C(C)C(=O)O,dysarthria,CID000004943,Propofol,CC(C)C1=C(C(=CC=C1)C(C)C)O
CID000003345,Fentanyl,CCC(=O)N(C1CCN(CC1)CCC2=CC=CC=C2)C3=CC=CC=C3,gastric inflammation,CID000004885,Dexpramipexole,CCCNC1CCC2=C(C1)SC(=N2)N
CID000002162,Amlodipine,CCOC(=O)C1=C(NC(=C(C1C2=CC=CC=C2Cl)C(=O)OC)C)COCCN,Pain,CID000060198,Exemestane,CC12CCC3C(C1CCC2=O)CC(=C)C4=CC(=O)C=CC34C
CID000002118,Alprazolam,CC1=NN=C2N1C3=C(C=C(C=C3)Cl)C(=NC2)C4=CC=CC=C4,arterial pressure NOS decreased,CID000002749,Ciclopirox,CC1=CC(=O)N(C(=C1)C2CCCCC2)O
CID000124087,Desloratadine,C1CC2=C(C=CC(=C2)Cl)C(=C3CCNCC3)C4=C1C=CC=N4,Sinus headache,CID003002190,Telithromycin,CCC1C2(C(C(C(=O)C(CC(C(C(C(=O)C(C(=O)O1)C)C)OC3C(C(CC(O3)C)N(C)C)O)(C)OC)C)C)N(C(=O)O2)CCCCN4C=C(N=C4)C5=CN=CC=C5)C
CID000005245,Risedronic acid,C1=CC(=CN=C1)CC(O)(P(=O)(O)O)P(=O)(O)O,failure to thrive,CID000005533,Trazodone,C1CN(CCN1CCCN2C(=O)N3C=CC=CC3=N2)C4=CC(=CC=C4)Cl
CID000001302,Naproxen,CC(C1=CC2=C(C=C1)C=C(C=C2)OC)C(=O)O,loss of weight,CID000004845,Pirbuterol,CC(C)(C)NCC(C1=NC(=C(C=C1)O)CO)O
CID000060835,Duloxetine,CNCCC(C1=CC=CS1)OC2=CC=CC3=CC=CC=C32,gastric inflammation,CID000124087,Desloratadine,C1CC2=C(C=CC(=C2)Cl)C(=C3CCNCC3)C4=C1C=CC=N4
CID000002092,Alfuzosin,CN(CCCNC(=O)C1CCCO1)C2=NC3=CC(=C(C=C3C(=N2)N)OC)OC,Decreased Libido,CID000002311,Benazepril,CCOC(=O)C(CCC1=CC=CC=C1)NC2CCC3=CC=CC=C3N(C2=O)CC(=O)O
CID000002162,Amlodipine,CCOC(=O)C1=C(NC(=C(C1C2=CC=CC=C2Cl)C(=O)OC)C)COCCN,angiitis,CID000003454,Ganciclovir,C1=NC2=C(N1COC(CO)CO)NC(=NC2=O)N
CID000002719,Chloroquine,CCN(CC)CCCC(C)NC1=C2C=CC(=CC2=NC=C1)Cl,loss of weight,CID000003652,hydroxychloroquine,CCN(CCCC(C)NC1=C2C=CC(=CC2=NC=C1)Cl)CCO
CID000001986,acetazolamide,CC(=O)NC1=NN=C(S1)S(=O)(=O)N,Hypoventilation,CID000004885,Dexpramipexole,CCCNC1CCC2=C(C1)SC(=N2)N
CID000002771,Citalopram,CN(C)CCCC1(C2=C(CO1)C=C(C=C2)C#N)C3=CC=C(C=C3)F,cholecystitis,CID000004634,oxybutynin,CCN(CC)CC#CCOC(=O)C(C1CCCCC1)(C2=CC=CC=C2)O
CID000124087,Desloratadine,C1CC2=C(C=CC(=C2)Cl)C(=C3CCNCC3)C4=C1C=CC=N4,bursitis,CID000154059,solifenacin,C1CN2CCC1C(C2)OC(=O)N3CCC4=CC=CC=C4C3C5=CC=CC=C5
CID000004583,Ofloxacin,CC1COC2=C3N1C=C(C(=O)C3=CC(=C2N4CCN(CC4)C)F)C(=O)O,cholecystitis,CID000041781,Torasemide,CC1=CC(=CC=C1)NC2=C(C=NC=C2)S(=O)(=O)NC(=O)NC(C)C
CID000002088,alendronic acid,C(CC(O)(P(=O)(O)O)P(=O)(O)O)CN,erythema,CID000003108,Dipyridamole,C1CCN(CC1)C2=NC(=NC3=C2N=C(N=C3N4CCCCC4)N(CCO)CCO)N(CCO)CCO
CID000005391,Temazepam,CN1C2=C(C=C(C=C2)Cl)C(=NC(C1=O)O)C3=CC=CC=C3,gastric inflammation,CID000005533,Trazodone,C1CN(CCN1CCCN2C(=O)N3C=CC=CC3=N2)C4=CC(=CC=C4)Cl
CID000003440,Furosemide,C1=COC(=C1)CNC2=CC(=C(C=C2C(=O)O)S(=O)(=O)N)Cl,Scleroderma,CID000444013,gadoversetamide,COCCNC(=O)CN(CCN(CCN(CC(=O)NCCOC)CC(=O)[O-])CC(=O)[O-])CC(=O)[O-].[Gd+3]
CID000003825,Ketoprofen,CC(C1=CC(=CC=C1)C(=O)C2=CC=CC=C2)C(=O)O,thrombocytopenia,CID003002190,Telithromycin,CCC1C2(C(C(C(=O)C(CC(C(C(C(=O)C(C(=O)O1)C)C)OC3C(C(CC(O3)C)N(C)C)O)(C)OC)C)C)N(C(=O)O2)CCCCN4C=C(N=C4)C5=CN=CC=C5)C
CID000002541,Candesartan,CCOC1=NC2=CC=CC(=C2N1CC3=CC=C(C=C3)C4=CC=CC=C4C5=NNN=N5)C(=O)O,elevated erythrocyte sedimentation rate,CID000005212,Sildenafil,CCCC1=NN(C2=C1NC(=NC2=O)C3=C(C=CC(=C3)S(=O)(=O)N4CCN(CC4)C)OCC)C
CID000003767,Isoniazid,C1=CN=CC=C1C(=O)NN,enlarged liver,CID000060877,Emtricitabine,C1C(OC(S1)CO)N2C=C(C(=NC2=O)N)F
CID000002662,Celecoxib,CC1=CC=C(C=C1)C2=CC(=NN2C3=CC=C(C=C3)S(=O)(=O)N)C(F)(F)F,Adenopathy,CID000004614,Oxaprozin,C1=CC=C(C=C1)C2=C(OC(=N2)CCC(=O)O)C3=CC=CC=C3
CID000003672,Ibuprofen,CC(C)CC1=CC=C(C=C1)C(C)C(=O)O,renal abscess,CID000004547,Repaglinide,CCOC1=C(C=CC(=C1)CC(=O)NC(CC(C)C)C2=CC=CC=C2N3CCCCC3)C(=O)O
CID000003672,Ibuprofen,CC(C)CC1=CC=C(C=C1)C(C)C(=O)O,periodontitis,CID000060164,Adapalene,COC1=C(C=C(C=C1)C2=CC3=C(C=C2)C=C(C=C3)C(=O)O)C45CC6CC(C4)CC(C6)C5
CID000005090,Rofecoxib,CS(=O)(=O)C1=CC=C(C=C1)C2=C(C(=O)OC2)C3=CC=CC=C3,erythema,CID000005426,Thalidomide,C1CC(=O)NC(=O)C1N2C(=O)C3=CC=CC=C3C2=O
CID000003345,Fentanyl,CCC(=O)N(C1CCN(CC1)CCC2=CC=CC=C2)C3=CC=CC=C3,bulging,CID000005472,Ticlopidine,C1CN(CC2=C1SC=C2)CC3=CC=CC=C3Cl
CID000003672,Ibuprofen,CC(C)CC1=CC=C(C=C1)C(C)C(=O)O,dry skin,CID000004195,Midodrine,COC1=CC(=C(C=C1)OC)C(CNC(=O)CN)O
CID000002585,Carvedilol,COC1=CC=CC=C1OCCNCC(COC2=CC=CC3=C2C4=CC=CC=C4N3)O,Infection Upper Respiratory,CID000056959,Ranolazine,CC1=C(C(=CC=C1)C)NC(=O)CN2CCN(CC2)CC(COC3=CC=CC=C3OC)O
CID000003345,Fentanyl,CCC(=O)N(C1CCN(CC1)CCC2=CC=CC=C2)C3=CC=CC=C3,periodontitis,CID000060164,Adapalene,COC1=C(C=C(C=C1)C2=CC3=C(C=C2)C=C(C=C3)C(=O)O)C45CC6CC(C4)CC(C6)C5
CID000002088,alendronic acid,C(CC(O)(P(=O)(O)O)P(=O)(O)O)CN,gastric inflammation,CID000004991,Pyridostigmine,C[N+]1=CC=CC(=C1)OC(=O)N(C)C
CID000002749,Ciclopirox,CC1=CC(=O)N(C(=C1)C2CCCCC2)O,Adenopathy,CID000003652,hydroxychloroquine,CCN(CCCC(C)NC1=C2C=CC(=CC2=NC=C1)Cl)CCO
CID000004583,Ofloxacin,CC1COC2=C3N1C=C(C(=O)C3=CC(=C2N4CCN(CC4)C)F)C(=O)O,enlarged spleen,CID000005453,thiotepa,C1CN1P(=S)(N2CC2)N3CC3
CID000002118,Alprazolam,CC1=NN=C2N1C3=C(C=C(C=C3)Cl)C(=NC2)C4=CC=CC=C4,myelodysplasia,CID000003157,Doxazosin,COC1=C(C=C2C(=C1)C(=NC(=N2)N3CCN(CC3)C(=O)C4COC5=CC=CC=C5O4)N)OC
CID000002162,Amlodipine,CCOC(=O)C1=C(NC(=C(C1C2=CC=CC=C2Cl)C(=O)OC)C)COCCN,increased white blood cell count,CID000005978,vincristine,CCC1(CC2CC(C3=C(CCN(C2)C1)C4=CC=CC=C4N3)(C5=C(C=C6C(=C5)C78CCN9C7C(C=CC9)(C(C(C8N6C=O)(C(=O)OC)O)OC(=O)C)CC)OC)C(=O)OC)O
CID000002756,Cimetidine,CC1=C(N=CN1)CSCCNC(=NC)NC#N,erythema multiforme,CID000148211,Palonosetron,C1CC2CN(C(=O)C3=CC=CC(=C23)C1)C4CN5CCC4CC5
CID000003016,Diazepam,CN1C(=O)CN=C(C2=C1C=CC(=C2)Cl)C3=CC=CC=C3,metabolic encephalopathy,CID000003339,Fenofibrate,CC(C)OC(=O)C(C)(C)OC1=CC=C(C=C1)C(=O)C2=CC=C(C=C2)Cl
CID000001302,Naproxen,CC(C1=CC2=C(C=C1)C=C(C=C2)OC)C(=O)O,cholecystitis,CID000003825,Ketoprofen,CC(C1=CC(=CC=C1)C(=O)C2=CC=CC=C2)C(=O)O
CID000003878,Lamotrigine,C1=CC(=C(C(=C1)Cl)Cl)C2=C(N=C(N=N2)N)N,agitated,CID000004819,Pilocarpine,CCC1C(COC1=O)CC2=CN=CN2C
CID000002771,Citalopram,CN(C)CCCC1(C2=C(CO1)C=C(C=C2)C#N)C3=CC=C(C=C3)F,bursitis,CID000056959,Ranolazine,CC1=C(C(=CC=C1)C)NC(=O)CN2CCN(CC2)CC(COC3=CC=CC=C3OC)O
CID000004173,Metronidazole,CC1=NC=C(N1CCO)[N+](=O)[O-],narcolepsy,CID000060835,Duloxetine,CNCCC(C1=CC=CS1)OC2=CC=CC3=CC=CC=C32
CID000005210,Sibutramine,CC(C)CC(C1(CCC1)C2=CC=C(C=C2)Cl)N(C)C,loss of weight,CID000005732,Zolpidem,CC1=CC=C(C=C1)C2=C(N3C=C(C=CC3=N2)C)CC(=O)N(C)C
CID000005523,Tramadol,CN(C)CC1CCCCC1(C2=CC(=CC=C2)OC)O,neumonia,CID000060198,Exemestane,CC12CCC3C(C1CCC2=O)CC(=C)C4=CC(=O)C=CC34C
CID000003016,Diazepam,CN1C(=O)CN=C(C2=C1C=CC(=C2)Cl)C3=CC=CC=C3,right heart failure,CID000003157,Doxazosin,COC1=C(C=C2C(=C1)C(=NC(=N2)N3CCN(CC3)C(=O)C4COC5=CC=CC=C5O4)N)OC
CID000001986,acetazolamide,CC(=O)NC1=NN=C(S1)S(=O)(=O)N,exophthalmos,CID000003676,Lidocaine,CCN(CC)CC(=O)NC1=C(C=CC=C1C)C
CID000003385,Fluorouracil,C1=C(C(=O)NC(=O)N1)F,Bleeding,CID000005978,vincristine,CCC1(CC2CC(C3=C(CCN(C2)C1)C4=CC=CC=C4N3)(C5=C(C=C6C(=C5)C78CCN9C7C(C=CC9)(C(C(C8N6C=O)(C(=O)OC)O)OC(=O)C)CC)OC)C(=O)OC)O
CID000003345,Fentanyl,CCC(=O)N(C1CCN(CC1)CCC2=CC=CC=C2)C3=CC=CC=C3,nervous tension,CID000125017,desvenlafaxine,CN(C)CC(C1=CC=C(C=C1)O)C2(CCCCC2)O
CID000005245,Risedronic acid,C1=CC(=CN=C1)CC(O)(P(=O)(O)O)P(=O)(O)O,gastric inflammation,CID000060184,Perindopril,CCCC(C(=O)OCC)NC(C)C(=O)N1C2CCCCC2CC1C(=O)O
CID000002541,Candesartan,CCOC1=NC2=CC=CC(=C2N1CC3=CC=C(C=C3)C4=CC=CC=C4C5=NNN=N5)C(=O)O,Back Ache,CID000016231,Amiloride,C1(=C(N=C(C(=N1)Cl)N)N)C(=O)N=C(N)N
CID000002678,Cetirizine,C1CN(CCN1CCOCC(=O)O)C(C2=CC=CC=C2)C3=CC=C(C=C3)Cl,erythema,CID000005212,Sildenafil,CCCC1=NN(C2=C1NC(=NC2=O)C3=C(C=CC(=C3)S(=O)(=O)N4CCN(CC4)C)OCC)C
CID000002311,Benazepril,CCOC(=O)C(CCC1=CC=CC=C1)NC2CCC3=CC=CC=C3N(C2=O)CC(=O)O,apoplexy,CID000005401,Terazosin,COC1=C(C=C2C(=C1)C(=NC(=N2)N3CCN(CC3)C(=O)C4CCCO4)N)OC
CID000004463,nevirapine,CC1=C2C(=NC=C1)N(C3=C(C=CC=N3)C(=O)N2)C4CC4,anogenital warts,CID000004583,Ofloxacin,CC1COC2=C3N1C=C(C(=O)C3=CC(=C2N4CCN(CC4)C)F)C(=O)O
CID000003446,Gabapentin,C1CCC(CC1)(CC(=O)O)CN,cholecystitis,CID000005426,Thalidomide,C1CC(=O)NC(=O)C1N2C(=O)C3=CC=CC=C3C2=O
CID000002092,Alfuzosin,CN(CCCNC(=O)C1CCCO1)C2=NC3=CC(=C(C=C3C(=N2)N)OC)OC,thrombocytopenia,CID000003325,Famotidine,C1=C(N=C(S1)N=C(N)N)CSCCC(=NS(=O)(=O)N)N
CID000003325,Famotidine,C1=C(N=C(S1)N=C(N)N)CSCCC(=NS(=O)(=O)N)N,erythema,CID000004547,Repaglinide,CCOC1=C(C=CC(=C1)CC(=O)NC(CC(C)C)C2=CC=CC=C2N3CCCCC3)C(=O)O
CID000005391,Temazepam,CN1C2=C(C=C(C=C2)Cl)C(=NC(C1=O)O)C3=CC=CC=C3,gastric inflammation,CID000005732,Zolpidem,CC1=CC=C(C=C1)C2=C(N3C=C(C=CC3=N2)C)CC(=O)N(C)C
CID000002118,Alprazolam,CC1=NN=C2N1C3=C(C=C(C=C3)Cl)C(=NC2)C4=CC=CC=C4,gastric inflammation,CID000002311,Benazepril,CCOC(=O)C(CCC1=CC=CC=C1)NC2CCC3=CC=CC=C3N(C2=O)CC(=O)O
CID000001775,phenytoin,C1=CC=C(C=C1)C2(C(=O)NC(=O)N2)C3=CC=CC=C3,Drug hypersensitivity,CID000056339,Fosphenytoin,C1=CC=C(C=C1)C2(C(=O)N(C(=O)N2)COP(=O)(O)O)C3=CC=CC=C3
CID000003440,Furosemide,C1=COC(=C1)CNC2=CC(=C(C=C2C(=O)O)S(=O)(=O)N)Cl,bundle branch block right,CID000003637,hydralazine,C1=CC=C2C(=C1)C=NN=C2NN
CID000003325,Famotidine,C1=C(N=C(S1)N=C(N)N)CSCCC(=NS(=O)(=O)N)N,gastric inflammation,CID000005212,Sildenafil,CCCC1=NN(C2=C1NC(=NC2=O)C3=C(C=CC(=C3)S(=O)(=O)N4CCN(CC4)C)OCC)C
CID000002162,Amlodipine,CCOC(=O)C1=C(NC(=C(C1C2=CC=CC=C2Cl)C(=O)OC)C)COCCN,erythema,CID000004674,Pamidronic acid,C(CN)C(O)(P(=O)(O)O)P(=O)(O)O
CID000003325,Famotidine,C1=C(N=C(S1)N=C(N)N)CSCCC(=NS(=O)(=O)N)N,loss of weight,CID000104741,Fulvestrant,CC12CCC3C(C1CCC2O)C(CC4=C3C=CC(=C4)O)CCCCCCCCCS(=O)CCCC(C(F)(F)F)(F)F
CID000005245,Risedronic acid,C1=CC(=CN=C1)CC(O)(P(=O)(O)O)P(=O)(O)O,Pain,CID000667490,mercaptopurine,C1=NC2=C(N1)C(=S)N=CN2
CID000071329,Dofetilide,CN(CCC1=CC=C(C=C1)NS(=O)(=O)C)CCOC2=CC=C(C=C2)NS(=O)(=O)C,phlebothrombosis,CID005311027,Bimatoprost,CCNC(=O)CCCC=CCC1C(CC(C1C=CC(CCC2=CC=CC=C2)O)O)O
CID000060854,Ziprasidone,C1CN(CCN1CCC2=C(C=C3C(=C2)CC(=O)N3)Cl)C4=NSC5=CC=CC=C54,Arrhythmia,CID000071158,Acamprosate,CC(=O)NCCCS(=O)(=O)O
CID000060953,Capecitabine,CCCCCOC(=O)NC1=NC(=O)N(C=C1F)C2C(C(C(O2)C)O)O,apoplexy,CID000176870,Erlotinib,COCCOC1=C(C=C2C(=C1)C(=NC=N2)NC3=CC=CC(=C3)C#C)OCCOC
CID000003715,indometacin,CC1=C(C2=C(N1C(=O)C3=CC=C(C=C3)Cl)C=CC(=C2)OC)CC(=O)O,erythema,CID000005401,Terazosin,COC1=C(C=C2C(=C1)C(=NC(=N2)N3CCN(CC3)C(=O)C4CCCO4)N)OC
CID000003339,Fenofibrate,CC(C)OC(=O)C(C)(C)OC1=CC=C(C=C1)C(=O)C2=CC=C(C=C2)Cl,gastric inflammation,CID000004236,Modafinil,C1=CC=C(C=C1)C(C2=CC=CC=C2)S(=O)CC(=O)N
CID000002678,Cetirizine,C1CN(CCN1CCOCC(=O)O)C(C2=CC=CC=C2)C3=CC=C(C=C3)Cl,cholecystitis,CID000003652,hydroxychloroquine,CCN(CCCC(C)NC1=C2C=CC(=CC2=NC=C1)Cl)CCO
CID000005391,Temazepam,CN1C2=C(C=C(C=C2)Cl)C(=NC(C1=O)O)C3=CC=CC=C3,gastric inflammation,CID000005746,mitomycin C,CC1=C(C(=O)C2=C(C1=O)N3CC4C(C3(C2COC(=O)N)OC)N4)N
CID000005523,Tramadol,CN(C)CC1CCCCC1(C2=CC(=CC=C2)OC)O,dysarthria,CID000005578,Trimethoprim,COC1=CC(=CC(=C1OC)OC)CC2=CN=C(N=C2N)N
CID000003446,Gabapentin,C1CCC(CC1)(CC(=O)O)CN,hepatic neoplasia,CID000091270,Moexipril,CCOC(=O)C(CCC1=CC=CC=C1)NC(C)C(=O)N2CC3=CC(=C(C=C3CC2C(=O)O)OC)OC
CID000003877,Lamivudine,C1C(OC(S1)CO)N2C=CC(=NC2=O)N,dysarthria,CID000004171,Metoprolol,CC(C)NCC(COC1=CC=C(C=C1)CCOC)O
CID000004158,Methylphenidate,COC(=O)C(C1CCCCN1)C2=CC=CC=C2,weight gain,CID000004845,Pirbuterol,CC(C)(C)NCC(C1=NC(=C(C=C1)O)CO)O
CID000002092,Alfuzosin,CN(CCCNC(=O)C1CCCO1)C2=NC3=CC(=C(C=C3C(=N2)N)OC)OC,enlarged spleen,CID000003463,Gemfibrozil,CC1=CC(=C(C=C1)C)OCCCC(C)(C)C(=O)O
CID000002541,Candesartan,CCOC1=NC2=CC=CC(=C2N1CC3=CC=C(C=C3)C4=CC=CC=C4C5=NNN=N5)C(=O)O,thrombocytopenia,CID000156419,Cinacalcet,CC(C1=CC=CC2=CC=CC=C21)NCCCC3=CC(=CC=C3)C(F)(F)F
CID000001302,Naproxen,CC(C1=CC2=C(C=C1)C=C(C=C2)OC)C(=O)O,gastric inflammation,CID000003652,hydroxychloroquine,CCN(CCCC(C)NC1=C2C=CC(=CC2=NC=C1)Cl)CCO
CID000002771,Citalopram,CN(C)CCCC1(C2=C(CO1)C=C(C=C2)C#N)C3=CC=C(C=C3)F,deglutition disorder,CID000005070,Riluzole,C1=CC2=C(C=C1OC(F)(F)F)SC(=N2)N
CID000000143,folinic acid,C1C(N(C2=C(N1)NC(=NC2=O)N)C=O)CNC3=CC=C(C=C3)C(=O)NC(CCC(=O)O)C(=O)O,thrombocytopenia,CID000060184,Perindopril,CCCC(C(=O)OCC)NC(C)C(=O)N1C2CCCCC2CC1C(=O)O
CID000003325,Famotidine,C1=C(N=C(S1)N=C(N)N)CSCCC(=NS(=O)(=O)N)N,Adenopathy,CID000003652,hydroxychloroquine,CCN(CCCC(C)NC1=C2C=CC(=CC2=NC=C1)Cl)CCO
CID000003672,Ibuprofen,CC(C)CC1=CC=C(C=C1)C(C)C(=O)O,Adenopathy,CID000004236,Modafinil,C1=CC=C(C=C1)C(C2=CC=CC=C2)S(=O)CC(=O)N
CID000003345,Fentanyl,CCC(=O)N(C1CCN(CC1)CCC2=CC=CC=C2)C3=CC=CC=C3,cholecystitis,CID000004170,Metolazone,CC1NC2=CC(=C(C=C2C(=O)N1C3=CC=CC=C3C)S(=O)(=O)N)Cl
CID000003878,Lamotrigine,C1=CC(=C(C(=C1)Cl)Cl)C2=C(N=C(N=N2)N)N,haemorrhage rectum,CID000005212,Sildenafil,CCCC1=NN(C2=C1NC(=NC2=O)C3=C(C=CC(=C3)S(=O)(=O)N4CCN(CC4)C)OCC)C
CID000002771,Citalopram,CN(C)CCCC1(C2=C(CO1)C=C(C=C2)C#N)C3=CC=C(C=C3)F,cataract,CID000004943,Propofol,CC(C)C1=C(C(=CC=C1)C(C)C)O
CID000003016,Diazepam,CN1C(=O)CN=C(C2=C1C=CC(=C2)Cl)C3=CC=CC=C3,cholecystitis,CID000003463,Gemfibrozil,CC1=CC(=C(C=C1)C)OCCCC(C)(C)C(=O)O
CID000001302,Naproxen,CC(C1=CC2=C(C=C1)C=C(C=C2)OC)C(=O)O,loss of weight,CID000060953,Capecitabine,CCCCCOC(=O)NC1=NC(=O)N(C=C1F)C2C(C(C(O2)C)O)O
CID000003446,Gabapentin,C1CCC(CC1)(CC(=O)O)CN,gastric inflammation,CID000005212,Sildenafil,CCCC1=NN(C2=C1NC(=NC2=O)C3=C(C=CC(=C3)S(=O)(=O)N4CCN(CC4)C)OCC)C
CID000002088,alendronic acid,C(CC(O)(P(=O)(O)O)P(=O)(O)O)CN,gastric inflammation,CID000091270,Moexipril,CCOC(=O)C(CCC1=CC=CC=C1)NC(C)C(=O)N2CC3=CC(=C(C=C3CC2C(=O)O)OC)OC
CID000005245,Risedronic acid,C1=CC(=CN=C1)CC(O)(P(=O)(O)O)P(=O)(O)O,Adenopathy,CID000005401,Terazosin,COC1=C(C=C2C(=C1)C(=NC(=N2)N3CCN(CC3)C(=O)C4CCCO4)N)OC
CID000005391,Temazepam,CN1C2=C(C=C(C=C2)Cl)C(=NC(C1=O)O)C3=CC=CC=C3,constipated,CID000005584,Trimipramine,CC(CN1C2=CC=CC=C2CCC3=CC=CC=C31)CN(C)C
CID000004583,Ofloxacin,CC1COC2=C3N1C=C(C(=O)C3=CC(=C2N4CCN(CC4)C)F)C(=O)O,eruption,CID000213039,Darunavir,CC(C)CN(CC(C(CC1=CC=CC=C1)NC(=O)OC2COC3C2CCO3)O)S(=O)(=O)C4=CC=C(C=C4)N
CID000003826,Ketorolac,C1CN2C(=CC=C2C(=O)C3=CC=CC=C3)C1C(=O)O,Adenopathy,CID000004595,Ondansetron,CC1=NC=CN1CC2CCC3=C(C2=O)C4=CC=CC=C4N3C
CID000002162,Amlodipine,CCOC(=O)C1=C(NC(=C(C1C2=CC=CC=C2Cl)C(=O)OC)C)COCCN,angiitis,CID000003767,Isoniazid,C1=CN=CC=C1C(=O)NN
CID000003440,Furosemide,C1=COC(=C1)CNC2=CC(=C(C=C2C(=O)O)S(=O)(=O)N)Cl,gastric inflammation,CID000104741,Fulvestrant,CC12CCC3C(C1CCC2O)C(CC4=C3C=CC(=C4)O)CCCCCCCCCS(=O)CCCC(C(F)(F)F)(F)F
CID000003016,Diazepam,CN1C(=O)CN=C(C2=C1C=CC(=C2)Cl)C3=CC=CC=C3,cholecystitis,CID000124087,Desloratadine,C1CC2=C(C=CC(=C2)Cl)C(=C3CCNCC3)C4=C1C=CC=N4
CID000004171,Metoprolol,CC(C)NCC(COC1=CC=C(C=C1)CCOC)O,erythema,CID000004845,Pirbuterol,CC(C)(C)NCC(C1=NC(=C(C=C1)O)CO)O
CID000005245,Risedronic acid,C1=CC(=CN=C1)CC(O)(P(=O)(O)O)P(=O)(O)O,weight gain,CID000005978,vincristine,CCC1(CC2CC(C3=C(CCN(C2)C1)C4=CC=CC=C4N3)(C5=C(C=C6C(=C5)C78CCN9C7C(C=CC9)(C(C(C8N6C=O)(C(=O)OC)O)OC(=O)C)CC)OC)C(=O)OC)O
CID000002435,Brimonidine,C1CN=C(N1)NC2=C(C3=NC=CN=C3C=C2)Br,loss of weight,CID000003652,hydroxychloroquine,CCN(CCCC(C)NC1=C2C=CC(=CC2=NC=C1)Cl)CCO
CID000002162,Amlodipine,CCOC(=O)C1=C(NC(=C(C1C2=CC=CC=C2Cl)C(=O)OC)C)COCCN,subarachnoid haemorrhage,CID000176870,Erlotinib,COCCOC1=C(C=C2C(=C1)C(=NC=N2)NC3=CC=CC(=C3)C#C)OCCOC
CID000001302,Naproxen,CC(C1=CC2=C(C=C1)C=C(C=C2)OC)C(=O)O,Atherosclerosis,CID000004539,Norfloxacin,CCN1C=C(C(=O)C2=CC(=C(C=C21)N3CCNCC3)F)C(=O)O
CID000002541,Candesartan,CCOC1=NC2=CC=CC(=C2N1CC3=CC=C(C=C3)C4=CC=CC=C4C5=NNN=N5)C(=O)O,gastric inflammation,CID000004583,Ofloxacin,CC1COC2=C3N1C=C(C(=O)C3=CC(=C2N4CCN(CC4)C)F)C(=O)O
CID000004595,Ondansetron,CC1=NC=CN1CC2CCC3=C(C2=O)C4=CC=CC=C4N3C,cholecystitis,CID003002190,Telithromycin,CCC1C2(C(C(C(=O)C(CC(C(C(C(=O)C(C(=O)O1)C)C)OC3C(C(CC(O3)C)N(C)C)O)(C)OC)C)C)N(C(=O)O2)CCCCN4C=C(N=C4)C5=CN=CC=C5)C
CID000002585,Carvedilol,COC1=CC=CC=C1OCCNCC(COC2=CC=CC3=C2C4=CC=CC=C4N3)O,thrombocytopenia,CID000004053,melphalan,C1=CC(=CC=C1CC(C(=O)O)N)N(CCCl)CCCl
CID000002088,alendronic acid,C(CC(O)(P(=O)(O)O)P(=O)(O)O)CN,erythema,CID000060184,Perindopril,CCCC(C(=O)OCC)NC(C)C(=O)N1C2CCCCC2CC1C(=O)O
CID000001983,Paracetamol,CC(=O)NC1=CC=C(C=C1)O,erythema,CID000003114,Disopyramide,CC(C)N(CCC(C1=CC=CC=C1)(C2=CC=CC=N2)C(=O)N)C(C)C
CID000003325,Famotidine,C1=C(N=C(S1)N=C(N)N)CSCCC(=NS(=O)(=O)N)N,weight gain,CID000003410,Formoterol,CC(CC1=CC=C(C=C1)OC)NCC(C2=CC(=C(C=C2)O)NC=O)O
CID000004547,Repaglinide,CCOC1=C(C=CC(=C1)CC(=O)NC(CC(C)C)C2=CC=CC=C2N3CCCCC3)C(=O)O,nasal sinus congestion,CID000060184,Perindopril,CCCC(C(=O)OCC)NC(C)C(=O)N1C2CCCCC2CC1C(=O)O
CID000005732,Zolpidem,CC1=CC=C(C=C1)C2=C(N3C=C(C=CC3=N2)C)CC(=O)N(C)C,Adenopathy,CID000005978,vincristine,CCC1(CC2CC(C3=C(CCN(C2)C1)C4=CC=CC=C4N3)(C5=C(C=C6C(=C5)C78CCN9C7C(C=CC9)(C(C(C8N6C=O)(C(=O)OC)O)OC(=O)C)CC)OC)C(=O)OC)O
CID000004885,Dexpramipexole,CCCNC1CCC2=C(C1)SC(=N2)N,hyperglycaemia,CID000005472,Ticlopidine,C1CN(CC2=C1SC=C2)CC3=CC=CC=C3Cl
CID000003345,Fentanyl,CCC(=O)N(C1CCN(CC1)CCC2=CC=CC=C2)C3=CC=CC=C3,Adenopathy,CID000005719,Zaleplon,CCN(C1=CC=CC(=C1)C2=CC=NC3=C(C=NN23)C#N)C(=O)C
CID000002585,Carvedilol,COC1=CC=CC=C1OCCNCC(COC2=CC=CC3=C2C4=CC=CC=C4N3)O,belching,CID000154059,solifenacin,C1CN2CCC1C(C2)OC(=O)N3CCC4=CC=CC=C4C3C5=CC=CC=C5
CID000002756,Cimetidine,CC1=C(N=CN1)CSCCNC(=NC)NC#N,angiitis,CID000005358,Sumatriptan,CNS(=O)(=O)CC1=CC2=C(C=C1)NC=C2CCN(C)C
CID000002162,Amlodipine,CCOC(=O)C1=C(NC(=C(C1C2=CC=CC=C2Cl)C(=O)OC)C)COCCN,cholecystitis,CID000004170,Metolazone,CC1NC2=CC(=C(C=C2C(=O)N1C3=CC=CC=C3C)S(=O)(=O)N)Cl
CID000003826,Ketorolac,C1CN2C(=CC=C2C(=O)C3=CC=CC=C3)C1C(=O)O,back injury,CID000060835,Duloxetine,CNCCC(C1=CC=CS1)OC2=CC=CC3=CC=CC=C32
CID000003157,Doxazosin,COC1=C(C=C2C(=C1)C(=NC(=N2)N3CCN(CC3)C(=O)C4COC5=CC=CC=C5O4)N)OC,gastric inflammation,CID000004171,Metoprolol,CC(C)NCC(COC1=CC=C(C=C1)CCOC)O
CID000003559,Haloperidol,C1CN(CCC1(C2=CC=C(C=C2)Cl)O)CCCC(=O)C3=CC=C(C=C3)F,apoplexy,CID000004634,oxybutynin,CCN(CC)CC#CCOC(=O)C(C1CCCCC1)(C2=CC=CC=C2)O
CID000003440,Furosemide,C1=COC(=C1)CNC2=CC(=C(C=C2C(=O)O)S(=O)(=O)N)Cl,apoplexy,CID000077999,Rosiglitazone,CN(CCOC1=CC=C(C=C1)CC2C(=O)NC(=O)S2)C3=CC=CC=N3
CID000003345,Fentanyl,CCC(=O)N(C1CCN(CC1)CCC2=CC=CC=C2)C3=CC=CC=C3,Adenopathy,CID000004595,Ondansetron,CC1=NC=CN1CC2CCC3=C(C2=O)C4=CC=CC=C4N3C
CID000004158,Methylphenidate,COC(=O)C(C1CCCCN1)C2=CC=CC=C2,back injury,CID000004236,Modafinil,C1=CC=C(C=C1)C(C2=CC=CC=C2)S(=O)CC(=O)N
CID000003446,Gabapentin,C1CCC(CC1)(CC(=O)O)CN,Dyspnea exertional,CID005311027,Bimatoprost,CCNC(=O)CCCC=CCC1C(CC(C1C=CC(CCC2=CC=CC=C2)O)O)O
CID000003676,Lidocaine,CCN(CC)CC(=O)NC1=C(C=CC=C1C)C,cholecystitis,CID000004171,Metoprolol,CC(C)NCC(COC1=CC=C(C=C1)CCOC)O
CID000003440,Furosemide,C1=COC(=C1)CNC2=CC(=C(C=C2C(=O)O)S(=O)(=O)N)Cl,gastric inflammation,CID000003463,Gemfibrozil,CC1=CC(=C(C=C1)C)OCCCC(C)(C)C(=O)O
CID000003325,Famotidine,C1=C(N=C(S1)N=C(N)N)CSCCC(=NS(=O)(=O)N)N,Adenopathy,CID000003877,Lamivudine,C1C(OC(S1)CO)N2C=CC(=NC2=O)N
CID000001302,Naproxen,CC(C1=CC2=C(C=C1)C=C(C=C2)OC)C(=O)O,apoplexy,CID000002435,Brimonidine,C1CN=C(N1)NC2=C(C3=NC=CN=C3C=C2)Br
CID000003559,Haloperidol,C1CN(CCC1(C2=CC=C(C=C2)Cl)O)CCCC(=O)C3=CC=C(C=C3)F,insulin dependent diabetes mellitus,CID000077999,Rosiglitazone,CN(CCOC1=CC=C(C=C1)CC2C(=O)NC(=O)S2)C3=CC=CC=N3
CID000003325,Famotidine,C1=C(N=C(S1)N=C(N)N)CSCCC(=NS(=O)(=O)N)N,apoplexy,CID000060198,Exemestane,CC12CCC3C(C1CCC2=O)CC(=C)C4=CC(=O)C=CC34C
CID000002749,Ciclopirox,CC1=CC(=O)N(C(=C1)C2CCCCC2)O,asthenia,CID000005291,Imatinib,CC1=C(C=C(C=C1)NC(=O)C2=CC=C(C=C2)CN3CCN(CC3)C)NC4=NC=CC(=N4)C5=CN=CC=C5
CID000003825,Ketoprofen,CC(C1=CC(=CC=C1)C(=O)C2=CC=CC=C2)C(=O)O,abnormal EEG,CID000041693,Sufentanil,CCC(=O)N(C1=CC=CC=C1)C2(CCN(CC2)CCC3=CC=CS3)COC
CID000001302,Naproxen,CC(C1=CC2=C(C=C1)C=C(C=C2)OC)C(=O)O,cholecystitis,CID000002678,Cetirizine,C1CN(CCN1CCOCC(=O)O)C(C2=CC=CC=C2)C3=CC=C(C=C3)Cl
CID000005978,vincristine,CCC1(CC2CC(C3=C(CCN(C2)C1)C4=CC=CC=C4N3)(C5=C(C=C6C(=C5)C78CCN9C7C(C=CC9)(C(C(C8N6C=O)(C(=O)OC)O)OC(=O)C)CC)OC)C(=O)OC)O,drug toxicity NOS,CID000041781,Torasemide,CC1=CC(=CC=C1)NC2=C(C=NC=C2)S(=O)(=O)NC(=O)NC(C)C
CID000003878,Lamotrigine,C1=CC(=C(C(=C1)Cl)Cl)C2=C(N=C(N=N2)N)N,gastric inflammation,CID000004885,Dexpramipexole,CCCNC1CCC2=C(C1)SC(=N2)N
CID000002541,Candesartan,CCOC1=NC2=CC=CC(=C2N1CC3=CC=C(C=C3)C4=CC=CC=C4C5=NNN=N5)C(=O)O,apoplexy,CID000004885,Dexpramipexole,CCCNC1CCC2=C(C1)SC(=N2)N
CID000005391,Temazepam,CN1C2=C(C=C(C=C2)Cl)C(=NC(C1=O)O)C3=CC=CC=C3,dysarthria,CID000005717,Zafirlukast,CC1=CC=CC=C1S(=O)(=O)NC(=O)C2=CC(=C(C=C2)CC3=CN(C4=C3C=C(C=C4)NC(=O)OC5CCCC5)C)OC
CID000003715,indometacin,CC1=C(C2=C(N1C(=O)C3=CC=C(C=C3)Cl)C=CC(=C2)OC)CC(=O)O,Adenopathy,CID000003767,Isoniazid,C1=CN=CC=C1C(=O)NN
CID000002022,Aciclovir,C1=NC2=C(N1COCCO)NC(=NC2=O)N,erythema,CID000002267,Azelastine,CN1CCCC(CC1)N2C(=O)C3=CC=CC=C3C(=N2)CC4=CC=C(C=C4)Cl
CID000003826,Ketorolac,C1CN2C(=CC=C2C(=O)C3=CC=CC=C3)C1C(=O)O,cholecystitis,CID000005533,Trazodone,C1CN(CCN1CCCN2C(=O)N3C=CC=CC3=N2)C4=CC(=CC=C4)Cl
CID000004170,Metolazone,CC1NC2=CC(=C(C=C2C(=O)N1C3=CC=CC=C3C)S(=O)(=O)N)Cl,cholecystitis,CID000004171,Metoprolol,CC(C)NCC(COC1=CC=C(C=C1)CCOC)O
CID000002585,Carvedilol,COC1=CC=CC=C1OCCNCC(COC2=CC=CC3=C2C4=CC=CC=C4N3)O,erythema,CID000004170,Metolazone,CC1NC2=CC(=C(C=C2C(=O)N1C3=CC=CC=C3C)S(=O)(=O)N)Cl
CID000005717,Zafirlukast,CC1=CC=CC=C1S(=O)(=O)NC(=O)C2=CC(=C(C=C2)CC3=CN(C4=C3C=C(C=C4)NC(=O)OC5CCCC5)C)OC,loss of weight,CID000060835,Duloxetine,CNCCC(C1=CC=CS1)OC2=CC=CC3=CC=CC=C32
CID000003016,Diazepam,CN1C(=O)CN=C(C2=C1C=CC(=C2)Cl)C3=CC=CC=C3,bulging,CID000004053,melphalan,C1=CC(=CC=C1CC(C(=O)O)N)N(CCCl)CCCl
CID000002662,Celecoxib,CC1=CC=C(C=C1)C2=CC(=NN2C3=CC=C(C=C3)S(=O)(=O)N)C(F)(F)F,erythema,CID000003878,Lamotrigine,C1=CC(=C(C(=C1)Cl)Cl)C2=C(N=C(N=N2)N)N
CID000003440,Furosemide,C1=COC(=C1)CNC2=CC(=C(C=C2C(=O)O)S(=O)(=O)N)Cl,Adenopathy,CID000003702,Indapamide,CC1CC2=CC=CC=C2N1NC(=O)C3=CC(=C(C=C3)Cl)S(=O)(=O)N
CID000002771,Citalopram,CN(C)CCCC1(C2=C(CO1)C=C(C=C2)C#N)C3=CC=C(C=C3)F,Adenopathy,CID000002955,Dapsone,C1=CC(=CC=C1N)S(=O)(=O)C2=CC=C(C=C2)N
CID000003446,Gabapentin,C1CCC(CC1)(CC(=O)O)CN,insulin dependent diabetes mellitus,CID000004201,Minoxidil,C1CCN(CC1)C2=NC(=N)N(C(=C2)N)O
CID000004601,Orphenadrine,CC1=CC=CC=C1C(C2=CC=CC=C2)OCCN(C)C,Back Ache,CID000005533,Trazodone,C1CN(CCN1CCCN2C(=O)N3C=CC=CC3=N2)C4=CC(=CC=C4)Cl
CID000003826,Ketorolac,C1CN2C(=CC=C2C(=O)C3=CC=CC=C3)C1C(=O)O,nausea,CID000091270,Moexipril,CCOC(=O)C(CCC1=CC=CC=C1)NC(C)C(=O)N2CC3=CC(=C(C=C3CC2C(=O)O)OC)OC
CID000001302,Naproxen,CC(C1=CC2=C(C=C1)C=C(C=C2)OC)C(=O)O,gastric inflammation,CID000060198,Exemestane,CC12CCC3C(C1CCC2=O)CC(=C)C4=CC(=O)C=CC34C
CID000003345,Fentanyl,CCC(=O)N(C1CCN(CC1)CCC2=CC=CC=C2)C3=CC=CC=C3,deglutition disorder,CID000003964,Loxapine,CN1CCN(CC1)C2=NC3=CC=CC=C3OC4=C2C=C(C=C4)Cl
CID000005505,Tolbutamide,CCCCNC(=O)NS(=O)(=O)C1=CC=C(C=C1)C,muscle disorder,CID000060184,Perindopril,CCCC(C(=O)OCC)NC(C)C(=O)N1C2CCCCC2CC1C(=O)O
CID000003203,Efavirenz,C1CC1C#CC2(C3=C(C=CC(=C3)Cl)NC(=O)O2)C(F)(F)F,gastric inflammation,CID000003877,Lamivudine,C1C(OC(S1)CO)N2C=CC(=NC2=O)N
CID000002955,Dapsone,C1=CC(=CC=C1N)S(=O)(=O)C2=CC=C(C=C2)N,acute kidney failure,CID000060184,Perindopril,CCCC(C(=O)OCC)NC(C)C(=O)N1C2CCCCC2CC1C(=O)O
CID000002541,Candesartan,CCOC1=NC2=CC=CC(=C2N1CC3=CC=C(C=C3)C4=CC=CC=C4C5=NNN=N5)C(=O)O,apoplexy,CID000124087,Desloratadine,C1CC2=C(C=CC(=C2)Cl)C(=C3CCNCC3)C4=C1C=CC=N4
CID000003440,Furosemide,C1=COC(=C1)CNC2=CC(=C(C=C2C(=O)O)S(=O)(=O)N)Cl,loss of weight,CID000216239,Sorafenib,CNC(=O)C1=NC=CC(=C1)OC2=CC=C(C=C2)NC(=O)NC3=CC(=C(C=C3)Cl)C(F)(F)F
CID000019090,Megestrol,CC1=CC2C(CCC3(C2CCC3(C(=O)C)O)C)C4(C1=CC(=O)CC4)C,loss of weight,CID000124087,Desloratadine,C1CC2=C(C=CC(=C2)Cl)C(=C3CCNCC3)C4=C1C=CC=N4
CID000004173,Metronidazole,CC1=NC=C(N1CCO)[N+](=O)[O-],erythema,CID000004547,Repaglinide,CCOC1=C(C=CC(=C1)CC(=O)NC(CC(C)C)C2=CC=CC=C2N3CCCCC3)C(=O)O
CID000001302,Naproxen,CC(C1=CC2=C(C=C1)C=C(C=C2)OC)C(=O)O,loss of weight,CID000004601,Orphenadrine,CC1=CC=CC=C1C(C2=CC=CC=C2)OCCN(C)C
CID000005556,Triazolam,CC1=NN=C2N1C3=C(C=C(C=C3)Cl)C(=NC2)C4=CC=CC=C4Cl,deglutition disorder,CID000005719,Zaleplon,CCN(C1=CC=CC(=C1)C2=CC=NC3=C(C=NN23)C#N)C(=O)C
CID000001302,Naproxen,CC(C1=CC2=C(C=C1)C=C(C=C2)OC)C(=O)O,Adenopathy,CID000002585,Carvedilol,COC1=CC=CC=C1OCCNCC(COC2=CC=CC3=C2C4=CC=CC=C4N3)O
CID000002118,Alprazolam,CC1=NN=C2N1C3=C(C=C(C=C3)Cl)C(=NC2)C4=CC=CC=C4,thrombocytopenia,CID000216239,Sorafenib,CNC(=O)C1=NC=CC(=C1)OC2=CC=C(C=C2)NC(=O)NC3=CC(=C(C=C3)Cl)C(F)(F)F
CID000002756,Cimetidine,CC1=C(N=CN1)CSCCNC(=NC)NC#N,gastric inflammation,CID000003672,Ibuprofen,CC(C)CC1=CC=C(C=C1)C(C)C(=O)O
CID000003325,Famotidine,C1=C(N=C(S1)N=C(N)N)CSCCC(=NS(=O)(=O)N)N,erythema,CID000005291,Imatinib,CC1=C(C=C(C=C1)NC(=O)C2=CC=C(C=C2)CN3CCN(CC3)C)NC4=NC=CC(=N4)C5=CN=CC=C5
CID000002022,Aciclovir,C1=NC2=C(N1COCCO)NC(=NC2=O)N,cholecystitis,CID000003203,Efavirenz,C1CC1C#CC2(C3=C(C=CC(=C3)Cl)NC(=O)O2)C(F)(F)F
CID000004595,Ondansetron,CC1=NC=CN1CC2CCC3=C(C2=O)C4=CC=CC=C4N3C,methaemoglobinaemia,CID000005732,Zolpidem,CC1=CC=C(C=C1)C2=C(N3C=C(C=CC3=N2)C)CC(=O)N(C)C
CID000002162,Amlodipine,CCOC(=O)C1=C(NC(=C(C1C2=CC=CC=C2Cl)C(=O)OC)C)COCCN,periodontitis,CID000004053,melphalan,C1=CC(=CC=C1CC(C(=O)O)N)N(CCCl)CCCl
CID000001302,Naproxen,CC(C1=CC2=C(C=C1)C=C(C=C2)OC)C(=O)O,loss of weight,CID000003203,Efavirenz,C1CC1C#CC2(C3=C(C=CC(=C3)Cl)NC(=O)O2)C(F)(F)F
CID000060953,Capecitabine,CCCCCOC(=O)NC1=NC(=O)N(C=C1F)C2C(C(C(O2)C)O)O,drug toxicity NOS,CID000124087,Desloratadine,C1CC2=C(C=CC(=C2)Cl)C(=C3CCNCC3)C4=C1C=CC=N4
CID000003325,Famotidine,C1=C(N=C(S1)N=C(N)N)CSCCC(=NS(=O)(=O)N)N,loss of weight,CID000213039,Darunavir,CC(C)CN(CC(C(CC1=CC=CC=C1)NC(=O)OC2COC3C2CCO3)O)S(=O)(=O)C4=CC=C(C=C4)N
CID000004583,Ofloxacin,CC1COC2=C3N1C=C(C(=O)C3=CC(=C2N4CCN(CC4)C)F)C(=O)O,gastric inflammation,CID000004614,Oxaprozin,C1=CC=C(C=C1)C2=C(OC(=N2)CCC(=O)O)C3=CC=CC=C3
CID000002771,Citalopram,CN(C)CCCC1(C2=C(CO1)C=C(C=C2)C#N)C3=CC=C(C=C3)F,cholecystitis,CID000005152,Salmeterol,C1=CC=C(C=C1)CCCCOCCCCCCNCC(C2=CC(=C(C=C2)O)CO)O
CID000004601,Orphenadrine,CC1=CC=CC=C1C(C2=CC=CC=C2)OCCN(C)C,Back Ache,CID000005391,Temazepam,CN1C2=C(C=C(C=C2)Cl)C(=NC(C1=O)O)C3=CC=CC=C3
CID000001986,acetazolamide,CC(=O)NC1=NN=C(S1)S(=O)(=O)N,hiccough,CID000003878,Lamotrigine,C1=CC(=C(C(=C1)Cl)Cl)C2=C(N=C(N=N2)N)N
CID000065999,Telmisartan,CCCC1=NC2=C(N1CC3=CC=C(C=C3)C4=CC=CC=C4C(=O)O)C=C(C=C2C)C5=NC6=CC=CC=C6N5C,dysarthria,CID000154059,solifenacin,C1CN2CCC1C(C2)OC(=O)N3CCC4=CC=CC=C4C3C5=CC=CC=C5
CID000005391,Temazepam,CN1C2=C(C=C(C=C2)Cl)C(=NC(C1=O)O)C3=CC=CC=C3,heart rate increased,CID000060877,Emtricitabine,C1C(OC(S1)CO)N2C=C(C(=NC2=O)N)F
CID000004171,Metoprolol,CC(C)NCC(COC1=CC=C(C=C1)CCOC)O,loss of weight,CID000041317,Acitretin,CC1=CC(=C(C(=C1C=CC(=CC=CC(=CC(=O)O)C)C)C)C)OC
CID000002541,Candesartan,CCOC1=NC2=CC=CC(=C2N1CC3=CC=C(C=C3)C4=CC=CC=C4C5=NNN=N5)C(=O)O,cholecystitis,CID000003877,Lamivudine,C1C(OC(S1)CO)N2C=CC(=NC2=O)N
CID000003446,Gabapentin,C1CCC(CC1)(CC(=O)O)CN,weight gain,CID000016231,Amiloride,C1(=C(N=C(C(=N1)Cl)N)N)C(=O)N=C(N)N
CID000002585,Carvedilol,COC1=CC=CC=C1OCCNCC(COC2=CC=CC3=C2C4=CC=CC=C4N3)O,weight gain,CID000004845,Pirbuterol,CC(C)(C)NCC(C1=NC(=C(C=C1)O)CO)O
CID000004885,Dexpramipexole,CCCNC1CCC2=C(C1)SC(=N2)N,weight gain,CID000005578,Trimethoprim,COC1=CC(=CC(=C1OC)OC)CC2=CN=C(N=C2N)N
CID000004170,Metolazone,CC1NC2=CC(=C(C=C2C(=O)N1C3=CC=CC=C3C)S(=O)(=O)N)Cl,loss of weight,CID000004885,Dexpramipexole,CCCNC1CCC2=C(C1)SC(=N2)N
CID000002162,Amlodipine,CCOC(=O)C1=C(NC(=C(C1C2=CC=CC=C2Cl)C(=O)OC)C)COCCN,gastric inflammation,CID000003825,Ketoprofen,CC(C1=CC(=CC=C1)C(=O)C2=CC=CC=C2)C(=O)O
CID000003446,Gabapentin,C1CCC(CC1)(CC(=O)O)CN,cholecystitis,CID000213039,Darunavir,CC(C)CN(CC(C(CC1=CC=CC=C1)NC(=O)OC2COC3C2CCO3)O)S(=O)(=O)C4=CC=C(C=C4)N
CID000001302,Naproxen,CC(C1=CC2=C(C=C1)C=C(C=C2)OC)C(=O)O,adenomyosis,CID000005732,Zolpidem,CC1=CC=C(C=C1)C2=C(N3C=C(C=CC3=N2)C)CC(=O)N(C)C
CID000001986,acetazolamide,CC(=O)NC1=NN=C(S1)S(=O)(=O)N,confusion,CID000003559,Haloperidol,C1CN(CCC1(C2=CC=C(C=C2)Cl)O)CCCC(=O)C3=CC=C(C=C3)F
CID000003715,indometacin,CC1=C(C2=C(N1C(=O)C3=CC=C(C=C3)Cl)C=CC(=C2)OC)CC(=O)O,apoplexy,CID000005212,Sildenafil,CCCC1=NN(C2=C1NC(=NC2=O)C3=C(C=CC(=C3)S(=O)(=O)N4CCN(CC4)C)OCC)C
CID000005732,Zolpidem,CC1=CC=C(C=C1)C2=C(N3C=C(C=CC3=N2)C)CC(=O)N(C)C,loss of weight,CID000060184,Perindopril,CCCC(C(=O)OCC)NC(C)C(=O)N1C2CCCCC2CC1C(=O)O
CID000004595,Ondansetron,CC1=NC=CN1CC2CCC3=C(C2=O)C4=CC=CC=C4N3C,hepatic neoplasia,CID000005533,Trazodone,C1CN(CCN1CCCN2C(=O)N3C=CC=CC3=N2)C4=CC(=CC=C4)Cl
CID000001302,Naproxen,CC(C1=CC2=C(C=C1)C=C(C=C2)OC)C(=O)O,back injury,CID000003157,Doxazosin,COC1=C(C=C2C(=C1)C(=NC(=N2)N3CCN(CC3)C(=O)C4COC5=CC=CC=C5O4)N)OC
CID000003825,Ketoprofen,CC(C1=CC(=CC=C1)C(=O)C2=CC=CC=C2)C(=O)O,High blood pressure,CID000060184,Perindopril,CCCC(C(=O)OCC)NC(C)C(=O)N1C2CCCCC2CC1C(=O)O
CID000003108,Dipyridamole,C1CCN(CC1)C2=NC(=NC3=C2N=C(N=C3N4CCCCC4)N(CCO)CCO)N(CCO)CCO,apoplexy,CID000004634,oxybutynin,CCN(CC)CC#CCOC(=O)C(C1CCCCC1)(C2=CC=CC=C2)O
CID000003878,Lamotrigine,C1=CC(=C(C(=C1)Cl)Cl)C2=C(N=C(N=N2)N)N,weight gain,CID000016231,Amiloride,C1(=C(N=C(C(=N1)Cl)N)N)C(=O)N=C(N)N
CID000005358,Sumatriptan,CNS(=O)(=O)CC1=CC2=C(C=C1)NC=C2CCN(C)C,Difficulty breathing,CID005362070,Balsalazide,C1=CC(=CC=C1C(=O)NCCC(=O)O)NN=C2C=CC(=O)C(=C2)C(=O)O
CID000005391,Temazepam,CN1C2=C(C=C(C=C2)Cl)C(=NC(C1=O)O)C3=CC=CC=C3,abnormal ECG,CID005311027,Bimatoprost,CCNC(=O)CCCC=CCC1C(CC(C1C=CC(CCC2=CC=CC=C2)O)O)O
CID000003157,Doxazosin,COC1=C(C=C2C(=C1)C(=NC(=N2)N3CCN(CC3)C(=O)C4COC5=CC=CC=C5O4)N)OC,apoplexy,CID000004885,Dexpramipexole,CCCNC1CCC2=C(C1)SC(=N2)N
CID000065999,Telmisartan,CCCC1=NC2=C(N1CC3=CC=C(C=C3)C4=CC=CC=C4C(=O)O)C=C(C=C2C)C5=NC6=CC=CC=C6N5C,High blood pressure,CID005311027,Bimatoprost,CCNC(=O)CCCC=CCC1C(CC(C1C=CC(CCC2=CC=CC=C2)O)O)O
CID000002162,Amlodipine,CCOC(=O)C1=C(NC(=C(C1C2=CC=CC=C2Cl)C(=O)OC)C)COCCN,right heart failure,CID000041693,Sufentanil,CCC(=O)N(C1=CC=CC=C1)C2(CCN(CC2)CCC3=CC=CS3)COC
CID000003672,Ibuprofen,CC(C)CC1=CC=C(C=C1)C(C)C(=O)O,gastric inflammation,CID000060184,Perindopril,CCCC(C(=O)OCC)NC(C)C(=O)N1C2CCCCC2CC1C(=O)O
CID000005717,Zafirlukast,CC1=CC=CC=C1S(=O)(=O)NC(=O)C2=CC(=C(C=C2)CC3=CN(C4=C3C=C(C=C4)NC(=O)OC5CCCC5)C)OC,erythema,CID000005732,Zolpidem,CC1=CC=C(C=C1)C2=C(N3C=C(C=CC3=N2)C)CC(=O)N(C)C
CID000005039,Ranitidine,CNC(=C[N+](=O)[O-])NCCSCC1=CC=C(O1)CN(C)C,gastric inflammation,CID000060164,Adapalene,COC1=C(C=C(C=C1)C2=CC3=C(C=C2)C=C(C=C3)C(=O)O)C45CC6CC(C4)CC(C6)C5
CID000002162,Amlodipine,CCOC(=O)C1=C(NC(=C(C1C2=CC=CC=C2Cl)C(=O)OC)C)COCCN,cholecystitis,CID000004173,Metronidazole,CC1=NC=C(N1CCO)[N+](=O)[O-]
CID000001302,Naproxen,CC(C1=CC2=C(C=C1)C=C(C=C2)OC)C(=O)O,erythema,CID000005245,Risedronic acid,C1=CC(=CN=C1)CC(O)(P(=O)(O)O)P(=O)(O)O
CID000004173,Metronidazole,CC1=NC=C(N1CCO)[N+](=O)[O-],trigeminal neuralgia,CID000056339,Fosphenytoin,C1=CC=C(C=C1)C2(C(=O)N(C(=O)N2)COP(=O)(O)O)C3=CC=CC=C3
CID000005391,Temazepam,CN1C2=C(C=C(C=C2)Cl)C(=NC(C1=O)O)C3=CC=CC=C3,subarachnoid haemorrhage,CID000104865,Bosentan,CC(C)(C)C1=CC=C(C=C1)S(=O)(=O)NC2=C(C(=NC(=N2)C3=NC=CC=N3)OCCO)OC4=CC=CC=C4OC
CID000004991,Pyridostigmine,C[N+]1=CC=CC(=C1)OC(=O)N(C)C,dysarthria,CID003002190,Telithromycin,CCC1C2(C(C(C(=O)C(CC(C(C(C(=O)C(C(=O)O1)C)C)OC3C(C(CC(O3)C)N(C)C)O)(C)OC)C)C)N(C(=O)O2)CCCCN4C=C(N=C4)C5=CN=CC=C5)C
CID000003878,Lamotrigine,C1=CC(=C(C(=C1)Cl)Cl)C2=C(N=C(N=N2)N)N,Cystitis Interstitial,CID000005732,Zolpidem,CC1=CC=C(C=C1)C2=C(N3C=C(C=CC3=N2)C)CC(=O)N(C)C
CID000003878,Lamotrigine,C1=CC(=C(C(=C1)Cl)Cl)C2=C(N=C(N=N2)N)N,bradycardia,CID000056339,Fosphenytoin,C1=CC=C(C=C1)C2(C(=O)N(C(=O)N2)COP(=O)(O)O)C3=CC=CC=C3
CID000002435,Brimonidine,C1CN=C(N1)NC2=C(C3=NC=CN=C3C=C2)Br,weight gain,CID000005401,Terazosin,COC1=C(C=C2C(=C1)C(=NC(=N2)N3CCN(CC3)C(=O)C4CCCO4)N)OC
CID000003385,Fluorouracil,C1=C(C(=O)NC(=O)N1)F,loss of weight,CID000104741,Fulvestrant,CC12CCC3C(C1CCC2O)C(CC4=C3C=CC(=C4)O)CCCCCCCCCS(=O)CCCC(C(F)(F)F)(F)F
CID000001302,Naproxen,CC(C1=CC2=C(C=C1)C=C(C=C2)OC)C(=O)O,gastric inflammation,CID000003446,Gabapentin,C1CCC(CC1)(CC(=O)O)CN
CID000002088,alendronic acid,C(CC(O)(P(=O)(O)O)P(=O)(O)O)CN,Adenopathy,CID000003203,Efavirenz,C1CC1C#CC2(C3=C(C=CC(=C3)Cl)NC(=O)O2)C(F)(F)F
CID000002585,Carvedilol,COC1=CC=CC=C1OCCNCC(COC2=CC=CC3=C2C4=CC=CC=C4N3)O,coughing blood,CID000213039,Darunavir,CC(C)CN(CC(C(CC1=CC=CC=C1)NC(=O)OC2COC3C2CCO3)O)S(=O)(=O)C4=CC=C(C=C4)N
CID000005556,Triazolam,CC1=NN=C2N1C3=C(C=C(C=C3)Cl)C(=NC2)C4=CC=CC=C4Cl,increased white blood cell count,CID000154059,solifenacin,C1CN2CCC1C(C2)OC(=O)N3CCC4=CC=CC=C4C3C5=CC=CC=C5
CID000003440,Furosemide,C1=COC(=C1)CNC2=CC(=C(C=C2C(=O)O)S(=O)(=O)N)Cl,fracture nonunion,CID000005732,Zolpidem,CC1=CC=C(C=C1)C2=C(N3C=C(C=CC3=N2)C)CC(=O)N(C)C
CID000003325,Famotidine,C1=C(N=C(S1)N=C(N)N)CSCCC(=NS(=O)(=O)N)N,deglutition disorder,CID000004819,Pilocarpine,CCC1C(COC1=O)CC2=CN=CN2C
CID000002153,Theophylline,CN1C2=C(C(=O)N(C1=O)C)NC=N2,abnormal ECG,CID000002471,Bumetanide,CCCCNC1=C(C(=CC(=C1)C(=O)O)S(=O)(=O)N)OC2=CC=CC=C2
CID000002662,Celecoxib,CC1=CC=C(C=C1)C2=CC(=NN2C3=CC=C(C=C3)S(=O)(=O)N)C(F)(F)F,Back Ache,CID000003869,Labetalol,CC(CCC1=CC=CC=C1)NCC(C2=CC(=C(C=C2)O)C(=O)N)O
CID000005245,Risedronic acid,C1=CC(=CN=C1)CC(O)(P(=O)(O)O)P(=O)(O)O,gastric inflammation,CID000041781,Torasemide,CC1=CC(=CC=C1)NC2=C(C=NC=C2)S(=O)(=O)NC(=O)NC(C)C
CID000002162,Amlodipine,CCOC(=O)C1=C(NC(=C(C1C2=CC=CC=C2Cl)C(=O)OC)C)COCCN,myelodysplasia,CID000124087,Desloratadine,C1CC2=C(C=CC(=C2)Cl)C(=C3CCNCC3)C4=C1C=CC=N4
